<?xml version='1.0' encoding='UTF-8'?>
<gpx version="1.1" creator="https://www.komoot.de" xmlns="http://www.topografix.com/GPX/1/1" xmlns:xsi="http://www.w3.org/2001/XMLSchema-instance" xsi:schemaLocation="http://www.topografix.com/GPX/1/1 http://www.topografix.com/GPX/1/1/gpx.xsd">
  <metadata>
    <name>Ultra 48/50</name>
    <author>
      <link href="https://www.komoot.de">
        <text>komoot</text>
        <type>text/html</type>
      </link>
    </author>
  </metadata>
  <wpt lat="50.034986" lon="19.974722">
    <name>Start</name>
    <sym>Dworzec Kraków Płaszów</sym>
  </wpt>
  <wpt lat="50.039522" lon="20.159580">
    <name>Dino</name>
    <sym>Shopping Center</sym>
  </wpt>
  <wpt lat="50.031074" lon="20.219525">
    <name>Sklep finalowy Lewiatan</name>
    <sym>Drinking Water</sym>
  </wpt>
  <!-- 49,9695069, 20,4219019 -->
  <wpt lat="49.9695069" lon="20.4219019">
    <name>48km</name>
    <sym>CEL</sym>
  </wpt>
  <trk>
    <name>Ultra</name>
    <type>jogging</type>
    <trkseg>
      <trkpt lat="50.034986" lon="19.974722">
        <ele>203.776216</ele>
        <time>2026-08-31T21:33:04.355Z</time>
      </trkpt>
      <trkpt lat="50.034658" lon="19.975168">
        <ele>203.776216</ele>
        <time>2026-08-31T21:33:27.616Z</time>
      </trkpt>
      <trkpt lat="50.034649" lon="19.975153">
        <ele>203.776216</ele>
        <time>2026-08-31T21:33:28.337Z</time>
      </trkpt>
      <trkpt lat="50.034640" lon="19.975165">
        <ele>203.776216</ele>
        <time>2026-08-31T21:33:28.995Z</time>
      </trkpt>
      <trkpt lat="50.034555" lon="19.975280">
        <ele>203.776216</ele>
        <time>2026-08-31T21:33:34.978Z</time>
      </trkpt>
      <trkpt lat="50.034484" lon="19.975378">
        <ele>203.776216</ele>
        <time>2026-08-31T21:33:40.050Z</time>
      </trkpt>
      <trkpt lat="50.034459" lon="19.975413">
        <ele>203.776216</ele>
        <time>2026-08-31T21:33:41.808Z</time>
      </trkpt>
      <trkpt lat="50.034374" lon="19.975528">
        <ele>203.776216</ele>
        <time>2026-08-31T21:33:47.777Z</time>
      </trkpt>
      <trkpt lat="50.034363" lon="19.975543">
        <ele>203.776216</ele>
        <time>2026-08-31T21:33:48.557Z</time>
      </trkpt>
      <trkpt lat="50.034371" lon="19.975558">
        <ele>203.776216</ele>
        <time>2026-08-31T21:33:49.231Z</time>
      </trkpt>
      <trkpt lat="50.034160" lon="19.975844">
        <ele>203.649417</ele>
        <time>2026-08-31T21:34:04.071Z</time>
      </trkpt>
      <trkpt lat="50.033670" lon="19.976510">
        <ele>203.277636</ele>
        <time>2026-08-31T21:34:38.334Z</time>
      </trkpt>
      <trkpt lat="50.033652" lon="19.976478">
        <ele>203.262020</ele>
        <time>2026-08-31T21:34:39.766Z</time>
      </trkpt>
      <trkpt lat="50.033630" lon="19.976508">
        <ele>203.245304</ele>
        <time>2026-08-31T21:34:41.318Z</time>
      </trkpt>
      <trkpt lat="50.033482" lon="19.976706">
        <ele>203.133770</ele>
        <time>2026-08-31T21:34:51.524Z</time>
      </trkpt>
      <trkpt lat="50.033469" lon="19.976685">
        <ele>203.123062</ele>
        <time>2026-08-31T21:34:52.508Z</time>
      </trkpt>
      <trkpt lat="50.033450" lon="19.976713">
        <ele>203.108109</ele>
        <time>2026-08-31T21:34:53.891Z</time>
      </trkpt>
      <trkpt lat="50.033405" lon="19.976778">
        <ele>203.073023</ele>
        <time>2026-08-31T21:34:57.095Z</time>
      </trkpt>
      <trkpt lat="50.033390" lon="19.976801">
        <ele>203.060989</ele>
        <time>2026-08-31T21:34:58.200Z</time>
      </trkpt>
      <trkpt lat="50.033348" lon="19.976730">
        <ele>203.025553</ele>
        <time>2026-08-31T21:35:01.443Z</time>
      </trkpt>
      <trkpt lat="50.033312" lon="19.976668">
        <ele>202.994869</ele>
        <time>2026-08-31T21:35:04.245Z</time>
      </trkpt>
      <trkpt lat="50.033228" lon="19.976785">
        <ele>202.930447</ele>
        <time>2026-08-31T21:35:10.099Z</time>
      </trkpt>
      <trkpt lat="50.034579" lon="19.978910">
        <ele>201.779731</ele>
        <time>2026-08-31T21:36:51.045Z</time>
      </trkpt>
      <trkpt lat="50.035197" lon="19.979981">
        <ele>201.236062</ele>
        <time>2026-08-31T21:37:39.651Z</time>
      </trkpt>
      <trkpt lat="50.035169" lon="19.980023">
        <ele>201.213380</ele>
        <time>2026-08-31T21:37:41.672Z</time>
      </trkpt>
      <trkpt lat="50.035168" lon="19.980079">
        <ele>201.192388</ele>
        <time>2026-08-31T21:37:43.568Z</time>
      </trkpt>
      <trkpt lat="50.035148" lon="19.980054">
        <ele>201.177426</ele>
        <time>2026-08-31T21:37:44.875Z</time>
      </trkpt>
      <trkpt lat="50.035131" lon="19.980076">
        <ele>201.164530</ele>
        <time>2026-08-31T21:37:46.040Z</time>
      </trkpt>
      <trkpt lat="50.035111" lon="19.980103">
        <ele>201.149087</ele>
        <time>2026-08-31T21:37:47.424Z</time>
      </trkpt>
      <trkpt lat="50.035207" lon="19.980385">
        <ele>201.029495</ele>
        <time>2026-08-31T21:37:58.186Z</time>
      </trkpt>
      <trkpt lat="50.035362" lon="19.980620">
        <ele>200.903281</ele>
        <time>2026-08-31T21:38:09.543Z</time>
      </trkpt>
      <trkpt lat="50.035358" lon="19.980629">
        <ele>200.899180</ele>
        <time>2026-08-31T21:38:09.894Z</time>
      </trkpt>
      <trkpt lat="50.035336" lon="19.980673">
        <ele>200.878287</ele>
        <time>2026-08-31T21:38:11.778Z</time>
      </trkpt>
      <trkpt lat="50.035318" lon="19.980710">
        <ele>200.860895</ele>
        <time>2026-08-31T21:38:13.343Z</time>
      </trkpt>
      <trkpt lat="50.035313" lon="19.980720">
        <ele>200.856146</ele>
        <time>2026-08-31T21:38:13.797Z</time>
      </trkpt>
      <trkpt lat="50.035264" lon="19.980682">
        <ele>200.824211</ele>
        <time>2026-08-31T21:38:16.637Z</time>
      </trkpt>
      <trkpt lat="50.035203" lon="19.980709">
        <ele>200.787215</ele>
        <time>2026-08-31T21:38:20.010Z</time>
      </trkpt>
      <trkpt lat="50.035169" lon="19.980783">
        <ele>200.753123</ele>
        <time>2026-08-31T21:38:23.072Z</time>
      </trkpt>
      <trkpt lat="50.035136" lon="19.980976">
        <ele>200.678286</ele>
        <time>2026-08-31T21:38:29.851Z</time>
      </trkpt>
      <trkpt lat="50.035040" lon="19.981615">
        <ele>200.576249</ele>
        <time>2026-08-31T21:38:52.160Z</time>
      </trkpt>
      <trkpt lat="50.035086" lon="19.981784">
        <ele>200.562769</ele>
        <time>2026-08-31T21:38:58.408Z</time>
      </trkpt>
      <trkpt lat="50.035190" lon="19.981974">
        <ele>200.544436</ele>
        <time>2026-08-31T21:39:06.937Z</time>
      </trkpt>
      <trkpt lat="50.035171" lon="19.982000">
        <ele>200.541544</ele>
        <time>2026-08-31T21:39:08.299Z</time>
      </trkpt>
      <trkpt lat="50.035582" lon="19.982509">
        <ele>200.481497</ele>
        <time>2026-08-31T21:39:36.264Z</time>
      </trkpt>
      <trkpt lat="50.035794" lon="19.982761">
        <ele>200.451000</ele>
        <time>2026-08-31T21:39:50.526Z</time>
      </trkpt>
      <trkpt lat="50.036111" lon="19.983154">
        <ele>200.403653</ele>
        <time>2026-08-31T21:40:12.382Z</time>
      </trkpt>
      <trkpt lat="50.036304" lon="19.983453">
        <ele>200.340906</ele>
        <time>2026-08-31T21:40:27.049Z</time>
      </trkpt>
      <trkpt lat="50.036560" lon="19.983837">
        <ele>200.258984</ele>
        <time>2026-08-31T21:40:46.086Z</time>
      </trkpt>
      <trkpt lat="50.036612" lon="19.983936">
        <ele>200.240054</ele>
        <time>2026-08-31T21:40:50.466Z</time>
      </trkpt>
      <trkpt lat="50.036737" lon="19.984177">
        <ele>200.194202</ele>
        <time>2026-08-31T21:41:01.072Z</time>
      </trkpt>
      <trkpt lat="50.036820" lon="19.984412">
        <ele>200.154505</ele>
        <time>2026-08-31T21:41:10.253Z</time>
      </trkpt>
      <trkpt lat="50.036748" lon="19.984613">
        <ele>200.120439</ele>
        <time>2026-08-31T21:41:18.111Z</time>
      </trkpt>
      <trkpt lat="50.036366" lon="19.985430">
        <ele>199.879254</ele>
        <time>2026-08-31T21:41:52.241Z</time>
      </trkpt>
      <trkpt lat="50.036279" lon="19.985439">
        <ele>199.768514</ele>
        <time>2026-08-31T21:41:57.564Z</time>
      </trkpt>
      <trkpt lat="50.036083" lon="19.985588">
        <ele>199.491490</ele>
        <time>2026-08-31T21:42:10.820Z</time>
      </trkpt>
      <trkpt lat="50.035900" lon="19.985634">
        <ele>199.256057</ele>
        <time>2026-08-31T21:42:21.993Z</time>
      </trkpt>
      <trkpt lat="50.035233" lon="19.985439">
        <ele>198.394112</ele>
        <time>2026-08-31T21:43:03.159Z</time>
      </trkpt>
      <trkpt lat="50.035055" lon="19.985425">
        <ele>198.167751</ele>
        <time>2026-08-31T21:43:13.980Z</time>
      </trkpt>
      <trkpt lat="50.034878" lon="19.985487">
        <ele>197.937329</ele>
        <time>2026-08-31T21:43:24.939Z</time>
      </trkpt>
      <trkpt lat="50.034788" lon="19.985848">
        <ele>197.661590</ele>
        <time>2026-08-31T21:43:40.084Z</time>
      </trkpt>
      <trkpt lat="50.034749" lon="19.985958">
        <ele>197.607338</ele>
        <time>2026-08-31T21:43:44.964Z</time>
      </trkpt>
      <trkpt lat="50.034642" lon="19.986590">
        <ele>197.325127</ele>
        <time>2026-08-31T21:44:10.692Z</time>
      </trkpt>
      <trkpt lat="50.034632" lon="19.987326">
        <ele>197.007258</ele>
        <time>2026-08-31T21:44:39.995Z</time>
      </trkpt>
      <trkpt lat="50.034593" lon="19.987757">
        <ele>196.819318</ele>
        <time>2026-08-31T21:44:57.371Z</time>
      </trkpt>
      <trkpt lat="50.034499" lon="19.988184">
        <ele>196.624416</ele>
        <time>2026-08-31T21:45:15.364Z</time>
      </trkpt>
      <trkpt lat="50.034399" lon="19.988907">
        <ele>196.529768</ele>
        <time>2026-08-31T21:45:45.030Z</time>
      </trkpt>
      <trkpt lat="50.034334" lon="19.989036">
        <ele>196.541574</ele>
        <time>2026-08-31T21:45:51.623Z</time>
      </trkpt>
      <trkpt lat="50.034389" lon="19.989255">
        <ele>196.558506</ele>
        <time>2026-08-31T21:46:01.085Z</time>
      </trkpt>
      <trkpt lat="50.034399" lon="19.989298">
        <ele>196.561799</ele>
        <time>2026-08-31T21:46:02.620Z</time>
      </trkpt>
      <trkpt lat="50.034541" lon="19.990463">
        <ele>196.647184</ele>
        <time>2026-08-31T21:46:50.531Z</time>
      </trkpt>
      <trkpt lat="50.034561" lon="19.991062">
        <ele>196.690375</ele>
        <time>2026-08-31T21:47:15.141Z</time>
      </trkpt>
      <trkpt lat="50.034525" lon="19.991590">
        <ele>196.934206</ele>
        <time>2026-08-31T21:47:37.132Z</time>
      </trkpt>
      <trkpt lat="50.034533" lon="19.992233">
        <ele>197.305236</ele>
        <time>2026-08-31T21:48:03.929Z</time>
      </trkpt>
      <trkpt lat="50.034467" lon="19.992643">
        <ele>197.549089</ele>
        <time>2026-08-31T21:48:21.642Z</time>
      </trkpt>
      <trkpt lat="50.034512" lon="19.992800">
        <ele>197.648275</ele>
        <time>2026-08-31T21:48:28.843Z</time>
      </trkpt>
      <trkpt lat="50.034507" lon="19.992836">
        <ele>197.669524</ele>
        <time>2026-08-31T21:48:30.189Z</time>
      </trkpt>
      <trkpt lat="50.034379" lon="19.993317">
        <ele>197.969896</ele>
        <time>2026-08-31T21:48:48.825Z</time>
      </trkpt>
      <trkpt lat="50.034292" lon="19.993502">
        <ele>198.102174</ele>
        <time>2026-08-31T21:48:57.049Z</time>
      </trkpt>
      <trkpt lat="50.034184" lon="19.993656">
        <ele>198.233716</ele>
        <time>2026-08-31T21:49:05.248Z</time>
      </trkpt>
      <trkpt lat="50.034041" lon="19.993784">
        <ele>198.345968</ele>
        <time>2026-08-31T21:49:14.401Z</time>
      </trkpt>
      <trkpt lat="50.033819" lon="19.993885">
        <ele>198.442529</ele>
        <time>2026-08-31T21:49:27.172Z</time>
      </trkpt>
      <trkpt lat="50.033883" lon="19.994311">
        <ele>198.559853</ele>
        <time>2026-08-31T21:49:42.465Z</time>
      </trkpt>
      <trkpt lat="50.033959" lon="19.994781">
        <ele>198.689826</ele>
        <time>2026-08-31T21:49:59.317Z</time>
      </trkpt>
      <trkpt lat="50.034015" lon="19.995096">
        <ele>198.777475</ele>
        <time>2026-08-31T21:50:10.597Z</time>
      </trkpt>
      <trkpt lat="50.034071" lon="19.995075">
        <ele>198.801523</ele>
        <time>2026-08-31T21:50:13.659Z</time>
      </trkpt>
      <trkpt lat="50.034167" lon="19.995811">
        <ele>199.002924</ele>
        <time>2026-08-31T21:50:39.650Z</time>
      </trkpt>
      <trkpt lat="50.034321" lon="19.996766">
        <ele>198.968955</ele>
        <time>2026-08-31T21:51:13.404Z</time>
      </trkpt>
      <trkpt lat="50.034346" lon="19.996923">
        <ele>198.948103</ele>
        <time>2026-08-31T21:51:18.911Z</time>
      </trkpt>
      <trkpt lat="50.034375" lon="19.996971">
        <ele>198.939608</ele>
        <time>2026-08-31T21:51:21.164Z</time>
      </trkpt>
      <trkpt lat="50.034429" lon="19.996993">
        <ele>198.928405</ele>
        <time>2026-08-31T21:51:24.119Z</time>
      </trkpt>
      <trkpt lat="50.034428" lon="19.997052">
        <ele>198.920796</ele>
        <time>2026-08-31T21:51:26.140Z</time>
      </trkpt>
      <trkpt lat="50.034427" lon="19.997108">
        <ele>198.913574</ele>
        <time>2026-08-31T21:51:28.034Z</time>
      </trkpt>
      <trkpt lat="50.034386" lon="19.997186">
        <ele>198.900581</ele>
        <time>2026-08-31T21:51:31.461Z</time>
      </trkpt>
      <trkpt lat="50.034410" lon="19.997451">
        <ele>198.866081</ele>
        <time>2026-08-31T21:51:40.563Z</time>
      </trkpt>
      <trkpt lat="50.034473" lon="19.998029">
        <ele>198.790502</ele>
        <time>2026-08-31T21:52:00.513Z</time>
      </trkpt>
      <trkpt lat="50.034563" lon="19.998860">
        <ele>198.664631</ele>
        <time>2026-08-31T21:52:29.147Z</time>
      </trkpt>
      <trkpt lat="50.034572" lon="19.998947">
        <ele>198.644707</ele>
        <time>2026-08-31T21:52:32.109Z</time>
      </trkpt>
      <trkpt lat="50.034657" lon="19.999819">
        <ele>198.445295</ele>
        <time>2026-08-31T21:53:01.998Z</time>
      </trkpt>
      <trkpt lat="50.034680" lon="19.999889">
        <ele>198.427518</ele>
        <time>2026-08-31T21:53:04.664Z</time>
      </trkpt>
      <trkpt lat="50.034853" lon="19.999941">
        <ele>198.365498</ele>
        <time>2026-08-31T21:53:13.970Z</time>
      </trkpt>
      <trkpt lat="50.034880" lon="19.999910">
        <ele>198.353689</ele>
        <time>2026-08-31T21:53:15.745Z</time>
      </trkpt>
      <trkpt lat="50.035427" lon="20.000018">
        <ele>198.159606</ele>
        <time>2026-08-31T21:53:44.915Z</time>
      </trkpt>
      <trkpt lat="50.035525" lon="20.000077">
        <ele>198.122621</ele>
        <time>2026-08-31T21:53:50.489Z</time>
      </trkpt>
      <trkpt lat="50.035575" lon="20.000024">
        <ele>198.101329</ele>
        <time>2026-08-31T21:53:53.747Z</time>
      </trkpt>
      <trkpt lat="50.035611" lon="20.000014">
        <ele>198.088457</ele>
        <time>2026-08-31T21:53:55.651Z</time>
      </trkpt>
      <trkpt lat="50.035640" lon="20.000006">
        <ele>198.078091</ele>
        <time>2026-08-31T21:53:57.203Z</time>
      </trkpt>
      <trkpt lat="50.035647" lon="20.000068">
        <ele>198.072365</ele>
        <time>2026-08-31T21:53:59.387Z</time>
      </trkpt>
      <trkpt lat="50.035695" lon="20.000116">
        <ele>198.074329</ele>
        <time>2026-08-31T21:54:02.422Z</time>
      </trkpt>
      <trkpt lat="50.036265" lon="20.000214">
        <ele>198.094073</ele>
        <time>2026-08-31T21:54:32.998Z</time>
      </trkpt>
      <trkpt lat="50.037908" lon="20.000485">
        <ele>198.140184</ele>
        <time>2026-08-31T21:56:01.640Z</time>
      </trkpt>
      <trkpt lat="50.037953" lon="20.000421">
        <ele>198.140985</ele>
        <time>2026-08-31T21:56:04.872Z</time>
      </trkpt>
      <trkpt lat="50.037985" lon="20.000427">
        <ele>198.141408</ele>
        <time>2026-08-31T21:56:06.590Z</time>
      </trkpt>
      <trkpt lat="50.038016" lon="20.000432">
        <ele>198.141818</ele>
        <time>2026-08-31T21:56:08.287Z</time>
      </trkpt>
      <trkpt lat="50.038030" lon="20.000484">
        <ele>198.142294</ele>
        <time>2026-08-31T21:56:10.247Z</time>
      </trkpt>
      <trkpt lat="50.038092" lon="20.000509">
        <ele>198.143135</ele>
        <time>2026-08-31T21:56:13.607Z</time>
      </trkpt>
      <trkpt lat="50.038088" lon="20.000571">
        <ele>198.143661</ele>
        <time>2026-08-31T21:56:15.770Z</time>
      </trkpt>
      <trkpt lat="50.038085" lon="20.000637">
        <ele>198.144220</ele>
        <time>2026-08-31T21:56:18.091Z</time>
      </trkpt>
      <trkpt lat="50.038020" lon="20.000704">
        <ele>198.145244</ele>
        <time>2026-08-31T21:56:22.263Z</time>
      </trkpt>
      <trkpt lat="50.037972" lon="20.001310">
        <ele>198.150397</ele>
        <time>2026-08-31T21:56:43.251Z</time>
      </trkpt>
      <trkpt lat="50.037970" lon="20.001350">
        <ele>198.150736</ele>
        <time>2026-08-31T21:56:44.614Z</time>
      </trkpt>
      <trkpt lat="50.037957" lon="20.001501">
        <ele>198.152022</ele>
        <time>2026-08-31T21:56:49.844Z</time>
      </trkpt>
      <trkpt lat="50.037926" lon="20.001907">
        <ele>198.155473</ele>
        <time>2026-08-31T21:57:03.779Z</time>
      </trkpt>
      <trkpt lat="50.037904" lon="20.002424">
        <ele>198.141231</ele>
        <time>2026-08-31T21:57:21.463Z</time>
      </trkpt>
      <trkpt lat="50.038059" lon="20.002924">
        <ele>198.113330</ele>
        <time>2026-08-31T21:57:40.277Z</time>
      </trkpt>
      <trkpt lat="50.038108" lon="20.003179">
        <ele>198.099953</ele>
        <time>2026-08-31T21:57:49.328Z</time>
      </trkpt>
      <trkpt lat="50.038112" lon="20.003507">
        <ele>198.083467</ele>
        <time>2026-08-31T21:58:00.695Z</time>
      </trkpt>
      <trkpt lat="50.038113" lon="20.003626">
        <ele>198.077486</ele>
        <time>2026-08-31T21:58:04.848Z</time>
      </trkpt>
      <trkpt lat="50.038088" lon="20.003915">
        <ele>198.062831</ele>
        <time>2026-08-31T21:58:14.992Z</time>
      </trkpt>
      <trkpt lat="50.038108" lon="20.003987">
        <ele>198.058889</ele>
        <time>2026-08-31T21:58:17.706Z</time>
      </trkpt>
      <trkpt lat="50.038416" lon="20.004064">
        <ele>198.034480</ele>
        <time>2026-08-31T21:58:34.246Z</time>
      </trkpt>
      <trkpt lat="50.038456" lon="20.004072">
        <ele>198.031325</ele>
        <time>2026-08-31T21:58:36.382Z</time>
      </trkpt>
      <trkpt lat="50.038495" lon="20.004078">
        <ele>198.028258</ele>
        <time>2026-08-31T21:58:38.442Z</time>
      </trkpt>
      <trkpt lat="50.038683" lon="20.004115">
        <ele>198.016135</ele>
        <time>2026-08-31T21:58:48.564Z</time>
      </trkpt>
      <trkpt lat="50.038899" lon="20.004116">
        <ele>198.014454</ele>
        <time>2026-08-31T21:59:00.087Z</time>
      </trkpt>
      <trkpt lat="50.039030" lon="20.004139">
        <ele>198.013428</ele>
        <time>2026-08-31T21:59:07.116Z</time>
      </trkpt>
      <trkpt lat="50.039087" lon="20.004005">
        <ele>198.012625</ele>
        <time>2026-08-31T21:59:12.644Z</time>
      </trkpt>
      <trkpt lat="50.039138" lon="20.004017">
        <ele>198.012224</ele>
        <time>2026-08-31T21:59:15.395Z</time>
      </trkpt>
      <trkpt lat="50.039184" lon="20.004028">
        <ele>198.011862</ele>
        <time>2026-08-31T21:59:17.862Z</time>
      </trkpt>
      <trkpt lat="50.039263" lon="20.004047">
        <ele>198.011240</ele>
        <time>2026-08-31T21:59:22.137Z</time>
      </trkpt>
      <trkpt lat="50.039412" lon="20.004082">
        <ele>198.010067</ele>
        <time>2026-08-31T21:59:30.164Z</time>
      </trkpt>
      <trkpt lat="50.039462" lon="20.004094">
        <ele>198.009673</ele>
        <time>2026-08-31T21:59:32.872Z</time>
      </trkpt>
      <trkpt lat="50.039511" lon="20.004106">
        <ele>198.009288</ele>
        <time>2026-08-31T21:59:35.529Z</time>
      </trkpt>
      <trkpt lat="50.039551" lon="20.004114">
        <ele>198.008974</ele>
        <time>2026-08-31T21:59:37.663Z</time>
      </trkpt>
      <trkpt lat="50.039570" lon="20.004225">
        <ele>198.008400</ele>
        <time>2026-08-31T21:59:41.583Z</time>
      </trkpt>
      <trkpt lat="50.039799" lon="20.004274">
        <ele>198.006601</ele>
        <time>2026-08-31T21:59:53.844Z</time>
      </trkpt>
      <trkpt lat="50.039976" lon="20.004327">
        <ele>198.005198</ele>
        <time>2026-08-31T22:00:03.433Z</time>
      </trkpt>
      <trkpt lat="50.040247" lon="20.004347">
        <ele>198.003087</ele>
        <time>2026-08-31T22:00:17.905Z</time>
      </trkpt>
      <trkpt lat="50.040282" lon="20.004350">
        <ele>198.002814</ele>
        <time>2026-08-31T22:00:19.778Z</time>
      </trkpt>
      <trkpt lat="50.040317" lon="20.004351">
        <ele>198.002542</ele>
        <time>2026-08-31T22:00:21.719Z</time>
      </trkpt>
      <trkpt lat="50.040433" lon="20.004357">
        <ele>198.009633</ele>
        <time>2026-08-31T22:00:28.027Z</time>
      </trkpt>
      <trkpt lat="50.040537" lon="20.004490">
        <ele>198.019066</ele>
        <time>2026-08-31T22:00:35.367Z</time>
      </trkpt>
      <trkpt lat="50.040600" lon="20.004523">
        <ele>198.023726</ele>
        <time>2026-08-31T22:00:38.960Z</time>
      </trkpt>
      <trkpt lat="50.040817" lon="20.004544">
        <ele>198.038965</ele>
        <time>2026-08-31T22:00:50.705Z</time>
      </trkpt>
      <trkpt lat="50.041039" lon="20.004634">
        <ele>198.055045</ele>
        <time>2026-08-31T22:01:03.025Z</time>
      </trkpt>
      <trkpt lat="50.041351" lon="20.004809">
        <ele>198.078290</ele>
        <time>2026-08-31T22:01:20.792Z</time>
      </trkpt>
      <trkpt lat="50.041539" lon="20.005035">
        <ele>198.094938</ele>
        <time>2026-08-31T22:01:33.559Z</time>
      </trkpt>
      <trkpt lat="50.041511" lon="20.005111">
        <ele>198.098882</ele>
        <time>2026-08-31T22:01:36.595Z</time>
      </trkpt>
      <trkpt lat="50.041812" lon="20.005596">
        <ele>198.127566</ele>
        <time>2026-08-31T22:01:59.666Z</time>
      </trkpt>
      <trkpt lat="50.041948" lon="20.005826">
        <ele>198.109397</ele>
        <time>2026-08-31T22:02:10.279Z</time>
      </trkpt>
      <trkpt lat="50.042383" lon="20.006540">
        <ele>198.052201</ele>
        <time>2026-08-31T22:02:43.657Z</time>
      </trkpt>
      <trkpt lat="50.042894" lon="20.007320">
        <ele>197.987446</ele>
        <time>2026-08-31T22:03:22.088Z</time>
      </trkpt>
      <trkpt lat="50.042989" lon="20.007586">
        <ele>197.969758</ele>
        <time>2026-08-31T22:03:32.603Z</time>
      </trkpt>
      <trkpt lat="50.043171" lon="20.008559">
        <ele>197.761830</ele>
        <time>2026-08-31T22:04:07.264Z</time>
      </trkpt>
      <trkpt lat="50.043211" lon="20.008722">
        <ele>197.724154</ele>
        <time>2026-08-31T22:04:13.169Z</time>
      </trkpt>
      <trkpt lat="50.043402" lon="20.009329">
        <ele>197.578206</ele>
        <time>2026-08-31T22:04:36.011Z</time>
      </trkpt>
      <trkpt lat="50.043438" lon="20.009593">
        <ele>197.519933</ele>
        <time>2026-08-31T22:04:45.212Z</time>
      </trkpt>
      <trkpt lat="50.043486" lon="20.009715">
        <ele>197.489041</ele>
        <time>2026-08-31T22:04:50.114Z</time>
      </trkpt>
      <trkpt lat="50.043552" lon="20.009998">
        <ele>197.424032</ele>
        <time>2026-08-31T22:05:00.326Z</time>
      </trkpt>
      <trkpt lat="50.043568" lon="20.010333">
        <ele>197.359086</ele>
        <time>2026-08-31T22:05:11.702Z</time>
      </trkpt>
      <trkpt lat="50.043611" lon="20.010496">
        <ele>197.351335</ele>
        <time>2026-08-31T22:05:17.630Z</time>
      </trkpt>
      <trkpt lat="50.043621" lon="20.011157">
        <ele>197.322253</ele>
        <time>2026-08-31T22:05:43.859Z</time>
      </trkpt>
      <trkpt lat="50.043535" lon="20.011637">
        <ele>197.300334</ele>
        <time>2026-08-31T22:06:03.726Z</time>
      </trkpt>
      <trkpt lat="50.043462" lon="20.012441">
        <ele>197.264618</ele>
        <time>2026-08-31T22:06:36.901Z</time>
      </trkpt>
      <trkpt lat="50.043455" lon="20.013001">
        <ele>197.239982</ele>
        <time>2026-08-31T22:06:59.763Z</time>
      </trkpt>
      <trkpt lat="50.043506" lon="20.013975">
        <ele>197.253117</ele>
        <time>2026-08-31T22:07:39.840Z</time>
      </trkpt>
      <trkpt lat="50.043613" lon="20.014169">
        <ele>197.257326</ele>
        <time>2026-08-31T22:07:50.311Z</time>
      </trkpt>
      <trkpt lat="50.044159" lon="20.014863">
        <ele>197.275389</ele>
        <time>2026-08-31T22:08:34.631Z</time>
      </trkpt>
      <trkpt lat="50.044525" lon="20.015375">
        <ele>197.225903</ele>
        <time>2026-08-31T22:09:05.073Z</time>
      </trkpt>
      <trkpt lat="50.044654" lon="20.015678">
        <ele>197.140513</ele>
        <time>2026-08-31T22:09:19.435Z</time>
      </trkpt>
      <trkpt lat="50.044798" lon="20.015911">
        <ele>197.064558</ele>
        <time>2026-08-31T22:09:32.162Z</time>
      </trkpt>
      <trkpt lat="50.045034" lon="20.016209">
        <ele>196.953426</ele>
        <time>2026-08-31T22:09:50.821Z</time>
      </trkpt>
      <trkpt lat="50.045226" lon="20.016507">
        <ele>196.854275</ele>
        <time>2026-08-31T22:10:07.599Z</time>
      </trkpt>
      <trkpt lat="50.045566" lon="20.016913">
        <ele>196.697562</ele>
        <time>2026-08-31T22:10:34.624Z</time>
      </trkpt>
      <trkpt lat="50.046041" lon="20.017395">
        <ele>196.701793</ele>
        <time>2026-08-31T22:11:10.740Z</time>
      </trkpt>
      <trkpt lat="50.046061" lon="20.017482">
        <ele>196.713890</ele>
        <time>2026-08-31T22:11:14.534Z</time>
      </trkpt>
      <trkpt lat="50.045989" lon="20.018434">
        <ele>196.839380</ele>
        <time>2026-08-31T22:11:53.718Z</time>
      </trkpt>
      <trkpt lat="50.046288" lon="20.018727">
        <ele>196.911398</ele>
        <time>2026-08-31T22:12:12.829Z</time>
      </trkpt>
      <trkpt lat="50.047123" lon="20.019656">
        <ele>196.989169</ele>
        <time>2026-08-31T22:13:07.300Z</time>
      </trkpt>
      <trkpt lat="50.047381" lon="20.019984">
        <ele>196.987277</ele>
        <time>2026-08-31T22:13:25.216Z</time>
      </trkpt>
      <trkpt lat="50.047731" lon="20.020555">
        <ele>196.984396</ele>
        <time>2026-08-31T22:13:52.442Z</time>
      </trkpt>
      <trkpt lat="50.047828" lon="20.020748">
        <ele>196.983502</ele>
        <time>2026-08-31T22:14:00.858Z</time>
      </trkpt>
      <trkpt lat="50.048034" lon="20.021159">
        <ele>196.985376</ele>
        <time>2026-08-31T22:14:18.697Z</time>
      </trkpt>
      <trkpt lat="50.048205" lon="20.021564">
        <ele>196.990920</ele>
        <time>2026-08-31T22:14:35.309Z</time>
      </trkpt>
      <trkpt lat="50.048129" lon="20.021592">
        <ele>196.992311</ele>
        <time>2026-08-31T22:14:39.478Z</time>
      </trkpt>
      <trkpt lat="50.048226" lon="20.021842">
        <ele>196.995653</ele>
        <time>2026-08-31T22:14:49.514Z</time>
      </trkpt>
      <trkpt lat="50.048484" lon="20.022734">
        <ele>197.006843</ele>
        <time>2026-08-31T22:15:23.021Z</time>
      </trkpt>
      <trkpt lat="50.048606" lon="20.023367">
        <ele>197.014403</ele>
        <time>2026-08-31T22:15:45.614Z</time>
      </trkpt>
      <trkpt lat="50.048689" lon="20.024081">
        <ele>197.083116</ele>
        <time>2026-08-31T22:16:10.597Z</time>
      </trkpt>
      <trkpt lat="50.048723" lon="20.024658">
        <ele>197.138872</ele>
        <time>2026-08-31T22:16:30.601Z</time>
      </trkpt>
      <trkpt lat="50.048724" lon="20.025278">
        <ele>197.198533</ele>
        <time>2026-08-31T22:16:51.951Z</time>
      </trkpt>
      <trkpt lat="50.048716" lon="20.025680">
        <ele>197.237235</ele>
        <time>2026-08-31T22:17:05.785Z</time>
      </trkpt>
      <trkpt lat="50.048662" lon="20.026380">
        <ele>197.309516</ele>
        <time>2026-08-31T22:17:30.142Z</time>
      </trkpt>
      <trkpt lat="50.048581" lon="20.027037">
        <ele>197.387500</ele>
        <time>2026-08-31T22:17:53.280Z</time>
      </trkpt>
      <trkpt lat="50.048464" lon="20.027731">
        <ele>197.471140</ele>
        <time>2026-08-31T22:18:18.068Z</time>
      </trkpt>
      <trkpt lat="50.048176" lon="20.028888">
        <ele>197.611823</ele>
        <time>2026-08-31T22:19:00.848Z</time>
      </trkpt>
      <trkpt lat="50.047708" lon="20.030310">
        <ele>197.655777</ele>
        <time>2026-08-31T22:19:56.051Z</time>
      </trkpt>
      <trkpt lat="50.047756" lon="20.030407">
        <ele>197.659145</ele>
        <time>2026-08-31T22:20:00.230Z</time>
      </trkpt>
      <trkpt lat="50.047765" lon="20.030499">
        <ele>197.661705</ele>
        <time>2026-08-31T22:20:03.411Z</time>
      </trkpt>
      <trkpt lat="50.047686" lon="20.031048">
        <ele>197.677181</ele>
        <time>2026-08-31T22:20:22.532Z</time>
      </trkpt>
      <trkpt lat="50.047239" lon="20.032338">
        <ele>197.584570</ele>
        <time>2026-08-31T22:21:21.534Z</time>
      </trkpt>
      <trkpt lat="50.047125" lon="20.032760">
        <ele>197.541092</ele>
        <time>2026-08-31T22:21:39.910Z</time>
      </trkpt>
      <trkpt lat="50.046897" lon="20.033830">
        <ele>197.434030</ele>
        <time>2026-08-31T22:22:25.213Z</time>
      </trkpt>
      <trkpt lat="50.046847" lon="20.034363">
        <ele>197.312814</ele>
        <time>2026-08-31T22:22:46.871Z</time>
      </trkpt>
      <trkpt lat="50.046855" lon="20.035069">
        <ele>197.124595</ele>
        <time>2026-08-31T22:23:15.153Z</time>
      </trkpt>
      <trkpt lat="50.046835" lon="20.035313">
        <ele>197.059027</ele>
        <time>2026-08-31T22:23:24.954Z</time>
      </trkpt>
      <trkpt lat="50.046806" lon="20.035702">
        <ele>196.954640</ele>
        <time>2026-08-31T22:23:40.506Z</time>
      </trkpt>
      <trkpt lat="50.046812" lon="20.036528">
        <ele>196.734449</ele>
        <time>2026-08-31T22:24:13.204Z</time>
      </trkpt>
      <trkpt lat="50.046885" lon="20.037563">
        <ele>196.561235</ele>
        <time>2026-08-31T22:24:54.798Z</time>
      </trkpt>
      <trkpt lat="50.046977" lon="20.038159">
        <ele>196.475988</ele>
        <time>2026-08-31T22:25:19.478Z</time>
      </trkpt>
      <trkpt lat="50.047062" lon="20.038554">
        <ele>196.418053</ele>
        <time>2026-08-31T22:25:36.247Z</time>
      </trkpt>
      <trkpt lat="50.047472" lon="20.039912">
        <ele>196.277526</ele>
        <time>2026-08-31T22:26:36.572Z</time>
      </trkpt>
      <trkpt lat="50.047675" lon="20.040591">
        <ele>196.266591</ele>
        <time>2026-08-31T22:27:06.725Z</time>
      </trkpt>
      <trkpt lat="50.047717" lon="20.040654">
        <ele>196.265266</ele>
        <time>2026-08-31T22:27:10.366Z</time>
      </trkpt>
      <trkpt lat="50.047698" lon="20.040671">
        <ele>196.264767</ele>
        <time>2026-08-31T22:27:11.721Z</time>
      </trkpt>
      <trkpt lat="50.047622" lon="20.040730">
        <ele>196.262837</ele>
        <time>2026-08-31T22:27:16.276Z</time>
      </trkpt>
      <trkpt lat="50.047610" lon="20.040739">
        <ele>196.262534</ele>
        <time>2026-08-31T22:27:17.002Z</time>
      </trkpt>
      <trkpt lat="50.047863" lon="20.041533">
        <ele>196.249594</ele>
        <time>2026-08-31T22:27:47.379Z</time>
      </trkpt>
      <trkpt lat="50.048082" lon="20.042102">
        <ele>196.302247</ele>
        <time>2026-08-31T22:28:10.137Z</time>
      </trkpt>
      <trkpt lat="50.048814" lon="20.043567">
        <ele>196.633066</ele>
        <time>2026-08-31T22:29:14.438Z</time>
      </trkpt>
      <trkpt lat="50.049188" lon="20.044415">
        <ele>196.816190</ele>
        <time>2026-08-31T22:29:50.131Z</time>
      </trkpt>
      <trkpt lat="50.049193" lon="20.044430">
        <ele>196.819193</ele>
        <time>2026-08-31T22:29:50.712Z</time>
      </trkpt>
      <trkpt lat="50.049368" lon="20.044931">
        <ele>196.920532</ele>
        <time>2026-08-31T22:30:10.687Z</time>
      </trkpt>
      <trkpt lat="50.049521" lon="20.045458">
        <ele>197.023297</ele>
        <time>2026-08-31T22:30:30.847Z</time>
      </trkpt>
      <trkpt lat="50.049721" lon="20.046373">
        <ele>197.195039</ele>
        <time>2026-08-31T22:31:04.106Z</time>
      </trkpt>
      <trkpt lat="50.049735" lon="20.046383">
        <ele>197.199301</ele>
        <time>2026-08-31T22:31:04.901Z</time>
      </trkpt>
      <trkpt lat="50.049754" lon="20.046402">
        <ele>197.205549</ele>
        <time>2026-08-31T22:31:06.131Z</time>
      </trkpt>
      <trkpt lat="50.049746" lon="20.046443">
        <ele>197.213163</ele>
        <time>2026-08-31T22:31:07.607Z</time>
      </trkpt>
      <trkpt lat="50.049739" lon="20.046494">
        <ele>197.222429</ele>
        <time>2026-08-31T22:31:09.387Z</time>
      </trkpt>
      <trkpt lat="50.049814" lon="20.047093">
        <ele>197.270654</ele>
        <time>2026-08-31T22:31:30.380Z</time>
      </trkpt>
      <trkpt lat="50.049867" lon="20.047835">
        <ele>197.313904</ele>
        <time>2026-08-31T22:31:56.104Z</time>
      </trkpt>
      <trkpt lat="50.049834" lon="20.049764">
        <ele>197.332637</ele>
        <time>2026-08-31T22:33:02.598Z</time>
      </trkpt>
      <trkpt lat="50.049831" lon="20.049838">
        <ele>197.318677</ele>
        <time>2026-08-31T22:33:05.140Z</time>
      </trkpt>
      <trkpt lat="50.049828" lon="20.049908">
        <ele>197.305468</ele>
        <time>2026-08-31T22:33:07.564Z</time>
      </trkpt>
      <trkpt lat="50.049621" lon="20.053915">
        <ele>196.357035</ele>
        <time>2026-08-31T22:35:23.841Z</time>
      </trkpt>
      <trkpt lat="50.049454" lon="20.057163">
        <ele>195.532190</ele>
        <time>2026-08-31T22:37:14.151Z</time>
      </trkpt>
      <trkpt lat="50.049445" lon="20.057326">
        <ele>195.494338</ele>
        <time>2026-08-31T22:37:19.766Z</time>
      </trkpt>
      <trkpt lat="50.049431" lon="20.057572">
        <ele>195.437198</ele>
        <time>2026-08-31T22:37:28.237Z</time>
      </trkpt>
      <trkpt lat="50.049443" lon="20.057614">
        <ele>195.426562</ele>
        <time>2026-08-31T22:37:29.845Z</time>
      </trkpt>
      <trkpt lat="50.049524" lon="20.058156">
        <ele>195.425376</ele>
        <time>2026-08-31T22:37:52.499Z</time>
      </trkpt>
      <trkpt lat="50.049437" lon="20.060071">
        <ele>195.577975</ele>
        <time>2026-08-31T22:39:10.059Z</time>
      </trkpt>
      <trkpt lat="50.049809" lon="20.060132">
        <ele>195.639234</ele>
        <time>2026-08-31T22:39:33.678Z</time>
      </trkpt>
      <trkpt lat="50.049739" lon="20.061022">
        <ele>195.830648</ele>
        <time>2026-08-31T22:40:10.274Z</time>
      </trkpt>
      <trkpt lat="50.049728" lon="20.061805">
        <ele>195.997840</ele>
        <time>2026-08-31T22:40:42.285Z</time>
      </trkpt>
      <trkpt lat="50.049629" lon="20.062468">
        <ele>196.143152</ele>
        <time>2026-08-31T22:41:10.597Z</time>
      </trkpt>
      <trkpt lat="50.049659" lon="20.062650">
        <ele>196.183265</ele>
        <time>2026-08-31T22:41:18.306Z</time>
      </trkpt>
      <trkpt lat="50.049632" lon="20.063460">
        <ele>195.923486</ele>
        <time>2026-08-31T22:41:51.009Z</time>
      </trkpt>
      <trkpt lat="50.049659" lon="20.064416">
        <ele>195.509480</ele>
        <time>2026-08-31T22:42:28.767Z</time>
      </trkpt>
      <trkpt lat="50.049696" lon="20.064823">
        <ele>195.331639</ele>
        <time>2026-08-31T22:42:44.897Z</time>
      </trkpt>
      <trkpt lat="50.049732" lon="20.064936">
        <ele>195.277064</ele>
        <time>2026-08-31T22:42:49.891Z</time>
      </trkpt>
      <trkpt lat="50.049832" lon="20.065039">
        <ele>195.196284</ele>
        <time>2026-08-31T22:42:57.214Z</time>
      </trkpt>
      <trkpt lat="50.049889" lon="20.065170">
        <ele>195.127822</ele>
        <time>2026-08-31T22:43:03.413Z</time>
      </trkpt>
      <trkpt lat="50.049850" lon="20.065626">
        <ele>194.934797</ele>
        <time>2026-08-31T22:43:21.504Z</time>
      </trkpt>
      <trkpt lat="50.049782" lon="20.066090">
        <ele>194.745885</ele>
        <time>2026-08-31T22:43:40.178Z</time>
      </trkpt>
      <trkpt lat="50.049740" lon="20.066662">
        <ele>194.517359</ele>
        <time>2026-08-31T22:44:02.749Z</time>
      </trkpt>
      <trkpt lat="50.049736" lon="20.067383">
        <ele>194.231159</ele>
        <time>2026-08-31T22:44:31.420Z</time>
      </trkpt>
      <trkpt lat="50.049805" lon="20.068234">
        <ele>193.890686</ele>
        <time>2026-08-31T22:45:05.914Z</time>
      </trkpt>
      <trkpt lat="50.049825" lon="20.069147">
        <ele>194.042562</ele>
        <time>2026-08-31T22:45:42.835Z</time>
      </trkpt>
      <trkpt lat="50.049870" lon="20.069769">
        <ele>194.147623</ele>
        <time>2026-08-31T22:46:08.480Z</time>
      </trkpt>
      <trkpt lat="50.049925" lon="20.070120">
        <ele>194.208267</ele>
        <time>2026-08-31T22:46:23.321Z</time>
      </trkpt>
      <trkpt lat="50.049934" lon="20.070476">
        <ele>194.268067</ele>
        <time>2026-08-31T22:46:37.813Z</time>
      </trkpt>
      <trkpt lat="50.049998" lon="20.070881">
        <ele>194.338073</ele>
        <time>2026-08-31T22:46:54.798Z</time>
      </trkpt>
      <trkpt lat="50.049957" lon="20.071067">
        <ele>194.382016</ele>
        <time>2026-08-31T22:47:02.864Z</time>
      </trkpt>
      <trkpt lat="50.049918" lon="20.071140">
        <ele>194.413431</ele>
        <time>2026-08-31T22:47:06.794Z</time>
      </trkpt>
      <trkpt lat="50.049715" lon="20.071392">
        <ele>194.547177</ele>
        <time>2026-08-31T22:47:23.438Z</time>
      </trkpt>
      <trkpt lat="50.049618" lon="20.071493">
        <ele>194.607292</ele>
        <time>2026-08-31T22:47:30.910Z</time>
      </trkpt>
      <trkpt lat="50.049389" lon="20.071608">
        <ele>194.731254</ele>
        <time>2026-08-31T22:47:46.357Z</time>
      </trkpt>
      <trkpt lat="50.049323" lon="20.071680">
        <ele>194.772770</ele>
        <time>2026-08-31T22:47:51.537Z</time>
      </trkpt>
      <trkpt lat="50.049261" lon="20.071811">
        <ele>194.826607</ele>
        <time>2026-08-31T22:47:58.226Z</time>
      </trkpt>
      <trkpt lat="50.049215" lon="20.072169">
        <ele>194.947389</ele>
        <time>2026-08-31T22:48:13.280Z</time>
      </trkpt>
      <trkpt lat="50.048971" lon="20.072182">
        <ele>195.073171</ele>
        <time>2026-08-31T22:48:28.917Z</time>
      </trkpt>
      <trkpt lat="50.048887" lon="20.072306">
        <ele>195.132800</ele>
        <time>2026-08-31T22:48:36.284Z</time>
      </trkpt>
      <trkpt lat="50.048818" lon="20.072598">
        <ele>195.235734</ele>
        <time>2026-08-31T22:48:49.154Z</time>
      </trkpt>
      <trkpt lat="50.048816" lon="20.073143">
        <ele>195.195402</ele>
        <time>2026-08-31T22:49:11.630Z</time>
      </trkpt>
      <trkpt lat="50.048728" lon="20.074003">
        <ele>194.992899</ele>
        <time>2026-08-31T22:49:41.438Z</time>
      </trkpt>
      <trkpt lat="50.048866" lon="20.075073">
        <ele>194.739117</ele>
        <time>2026-08-31T22:50:18.148Z</time>
      </trkpt>
      <trkpt lat="50.049071" lon="20.076534">
        <ele>194.378914</ele>
        <time>2026-08-31T22:51:08.221Z</time>
      </trkpt>
      <trkpt lat="50.049647" lon="20.079961">
        <ele>193.992883</ele>
        <time>2026-08-31T22:53:09.449Z</time>
      </trkpt>
      <trkpt lat="50.050229" lon="20.083423">
        <ele>194.308400</ele>
        <time>2026-08-31T22:55:13.012Z</time>
      </trkpt>
      <trkpt lat="50.050331" lon="20.084291">
        <ele>194.403787</ele>
        <time>2026-08-31T22:55:43.444Z</time>
      </trkpt>
      <trkpt lat="50.050359" lon="20.085324">
        <ele>194.513511</ele>
        <time>2026-08-31T22:56:19.153Z</time>
      </trkpt>
      <trkpt lat="50.050325" lon="20.086017">
        <ele>194.587269</ele>
        <time>2026-08-31T22:56:43.129Z</time>
      </trkpt>
      <trkpt lat="50.050282" lon="20.086437">
        <ele>194.632077</ele>
        <time>2026-08-31T22:56:57.696Z</time>
      </trkpt>
      <trkpt lat="50.050114" lon="20.087219">
        <ele>194.562632</ele>
        <time>2026-08-31T22:57:26.125Z</time>
      </trkpt>
      <trkpt lat="50.049968" lon="20.087655">
        <ele>194.521221</ele>
        <time>2026-08-31T22:57:42.904Z</time>
      </trkpt>
      <trkpt lat="50.049789" lon="20.088062">
        <ele>194.479676</ele>
        <time>2026-08-31T22:57:59.669Z</time>
      </trkpt>
      <trkpt lat="50.049780" lon="20.088044">
        <ele>194.477754</ele>
        <time>2026-08-31T22:58:00.440Z</time>
      </trkpt>
      <trkpt lat="50.049745" lon="20.087971">
        <ele>194.470082</ele>
        <time>2026-08-31T22:58:03.547Z</time>
      </trkpt>
      <trkpt lat="50.049539" lon="20.088341">
        <ele>194.428840</ele>
        <time>2026-08-31T22:58:20.139Z</time>
      </trkpt>
      <trkpt lat="50.049288" lon="20.088696">
        <ele>194.396322</ele>
        <time>2026-08-31T22:58:38.067Z</time>
      </trkpt>
      <trkpt lat="50.048870" lon="20.089132">
        <ele>194.396316</ele>
        <time>2026-08-31T22:59:05.007Z</time>
      </trkpt>
      <trkpt lat="50.048459" lon="20.089476">
        <ele>194.396311</ele>
        <time>2026-08-31T22:59:29.815Z</time>
      </trkpt>
      <trkpt lat="50.047959" lon="20.089800">
        <ele>194.396306</ele>
        <time>2026-08-31T22:59:58.939Z</time>
      </trkpt>
      <trkpt lat="50.047856" lon="20.089887">
        <ele>194.396304</ele>
        <time>2026-08-31T23:00:05.252Z</time>
      </trkpt>
      <trkpt lat="50.047762" lon="20.090018">
        <ele>194.390226</ele>
        <time>2026-08-31T23:00:12.052Z</time>
      </trkpt>
      <trkpt lat="50.047756" lon="20.090043">
        <ele>194.388013</ele>
        <time>2026-08-31T23:00:12.959Z</time>
      </trkpt>
      <trkpt lat="50.047403" lon="20.090198">
        <ele>194.340660</ele>
        <time>2026-08-31T23:00:32.635Z</time>
      </trkpt>
      <trkpt lat="50.047016" lon="20.090285">
        <ele>194.290175</ele>
        <time>2026-08-31T23:00:53.431Z</time>
      </trkpt>
      <trkpt lat="50.046326" lon="20.090212">
        <ele>194.200882</ele>
        <time>2026-08-31T23:01:30.003Z</time>
      </trkpt>
      <trkpt lat="50.046180" lon="20.090173">
        <ele>194.181756</ele>
        <time>2026-08-31T23:01:37.862Z</time>
      </trkpt>
      <trkpt lat="50.046171" lon="20.090151">
        <ele>194.179594</ele>
        <time>2026-08-31T23:01:38.759Z</time>
      </trkpt>
      <trkpt lat="50.045931" lon="20.089954">
        <ele>194.214193</ele>
        <time>2026-08-31T23:01:53.183Z</time>
      </trkpt>
      <trkpt lat="50.045134" lon="20.089554">
        <ele>194.491900</ele>
        <time>2026-08-31T23:02:38.084Z</time>
      </trkpt>
      <trkpt lat="50.044869" lon="20.089440">
        <ele>194.583078</ele>
        <time>2026-08-31T23:02:53.196Z</time>
      </trkpt>
      <trkpt lat="50.044330" lon="20.089287">
        <ele>194.762984</ele>
        <time>2026-08-31T23:03:23.327Z</time>
      </trkpt>
      <trkpt lat="50.044300" lon="20.089279">
        <ele>194.768761</ele>
        <time>2026-08-31T23:03:24.998Z</time>
      </trkpt>
      <trkpt lat="50.044015" lon="20.089213">
        <ele>194.823453</ele>
        <time>2026-08-31T23:03:40.787Z</time>
      </trkpt>
      <trkpt lat="50.043284" lon="20.089079">
        <ele>194.963164</ele>
        <time>2026-08-31T23:04:20.737Z</time>
      </trkpt>
      <trkpt lat="50.042235" lon="20.089036">
        <ele>194.951998</ele>
        <time>2026-08-31T23:05:16.277Z</time>
      </trkpt>
      <trkpt lat="50.041254" lon="20.089136">
        <ele>194.488295</ele>
        <time>2026-08-31T23:06:08.075Z</time>
      </trkpt>
      <trkpt lat="50.040854" lon="20.089322">
        <ele>194.291391</ele>
        <time>2026-08-31T23:06:30.049Z</time>
      </trkpt>
      <trkpt lat="50.040538" lon="20.089263">
        <ele>194.206788</ele>
        <time>2026-08-31T23:06:46.809Z</time>
      </trkpt>
      <trkpt lat="50.040440" lon="20.089236">
        <ele>194.187222</ele>
        <time>2026-08-31T23:06:52.080Z</time>
      </trkpt>
      <trkpt lat="50.040342" lon="20.089211">
        <ele>194.167698</ele>
        <time>2026-08-31T23:06:57.354Z</time>
      </trkpt>
      <trkpt lat="50.040050" lon="20.089306">
        <ele>194.109050</ele>
        <time>2026-08-31T23:07:13.121Z</time>
      </trkpt>
      <trkpt lat="50.039583" lon="20.089476">
        <ele>194.014760</ele>
        <time>2026-08-31T23:07:38.671Z</time>
      </trkpt>
      <trkpt lat="50.038384" lon="20.090000">
        <ele>193.875404</ele>
        <time>2026-08-31T23:08:45.185Z</time>
      </trkpt>
      <trkpt lat="50.037933" lon="20.090308">
        <ele>193.857099</ele>
        <time>2026-08-31T23:09:11.503Z</time>
      </trkpt>
      <trkpt lat="50.037499" lon="20.090719">
        <ele>193.838219</ele>
        <time>2026-08-31T23:09:38.535Z</time>
      </trkpt>
      <trkpt lat="50.036861" lon="20.091523">
        <ele>194.047436</ele>
        <time>2026-08-31T23:10:22.354Z</time>
      </trkpt>
      <trkpt lat="50.036627" lon="20.091715">
        <ele>194.130280</ele>
        <time>2026-08-31T23:10:36.638Z</time>
      </trkpt>
      <trkpt lat="50.036326" lon="20.091834">
        <ele>194.227546</ele>
        <time>2026-08-31T23:10:53.541Z</time>
      </trkpt>
      <trkpt lat="50.035602" lon="20.092072">
        <ele>194.419844</ele>
        <time>2026-08-31T23:11:33.928Z</time>
      </trkpt>
      <trkpt lat="50.035387" lon="20.092142">
        <ele>194.445430</ele>
        <time>2026-08-31T23:11:45.955Z</time>
      </trkpt>
      <trkpt lat="50.035289" lon="20.092174">
        <ele>194.457093</ele>
        <time>2026-08-31T23:11:51.407Z</time>
      </trkpt>
      <trkpt lat="50.035214" lon="20.092196">
        <ele>194.465983</ele>
        <time>2026-08-31T23:11:55.532Z</time>
      </trkpt>
      <trkpt lat="50.035207" lon="20.092135">
        <ele>194.470619</ele>
        <time>2026-08-31T23:11:57.674Z</time>
      </trkpt>
      <trkpt lat="50.033762" lon="20.092600">
        <ele>194.499866</ele>
        <time>2026-08-31T23:13:16.209Z</time>
      </trkpt>
      <trkpt lat="50.033550" lon="20.092770">
        <ele>194.419115</ele>
        <time>2026-08-31T23:13:28.728Z</time>
      </trkpt>
      <trkpt lat="50.033529" lon="20.092678">
        <ele>194.397877</ele>
        <time>2026-08-31T23:13:32.044Z</time>
      </trkpt>
      <trkpt lat="50.033536" lon="20.092447">
        <ele>194.347576</ele>
        <time>2026-08-31T23:13:39.867Z</time>
      </trkpt>
      <trkpt lat="50.033517" lon="20.092433">
        <ele>194.340458</ele>
        <time>2026-08-31T23:13:41.143Z</time>
      </trkpt>
      <trkpt lat="50.033476" lon="20.092423">
        <ele>194.326405</ele>
        <time>2026-08-31T23:13:43.708Z</time>
      </trkpt>
      <trkpt lat="50.033010" lon="20.092437">
        <ele>194.168577</ele>
        <time>2026-08-31T23:14:08.354Z</time>
      </trkpt>
      <trkpt lat="50.032976" lon="20.092799">
        <ele>194.088999</ele>
        <time>2026-08-31T23:14:22.953Z</time>
      </trkpt>
      <trkpt lat="50.032821" lon="20.093544">
        <ele>194.031100</ele>
        <time>2026-08-31T23:14:54.364Z</time>
      </trkpt>
      <trkpt lat="50.032582" lon="20.094475">
        <ele>194.126334</ele>
        <time>2026-08-31T23:15:34.591Z</time>
      </trkpt>
      <trkpt lat="50.032393" lon="20.094620">
        <ele>194.157492</ele>
        <time>2026-08-31T23:15:48.058Z</time>
      </trkpt>
      <trkpt lat="50.032245" lon="20.095325">
        <ele>194.227944</ele>
        <time>2026-08-31T23:16:18.522Z</time>
      </trkpt>
      <trkpt lat="50.032167" lon="20.095269">
        <ele>194.240646</ele>
        <time>2026-08-31T23:16:23.159Z</time>
      </trkpt>
      <trkpt lat="50.032129" lon="20.095384">
        <ele>194.252930</ele>
        <time>2026-08-31T23:16:27.758Z</time>
      </trkpt>
      <trkpt lat="50.032089" lon="20.095535">
        <ele>194.269534</ele>
        <time>2026-08-31T23:16:33.455Z</time>
      </trkpt>
      <trkpt lat="50.032064" lon="20.095866">
        <ele>194.307406</ele>
        <time>2026-08-31T23:16:45.110Z</time>
      </trkpt>
      <trkpt lat="50.032025" lon="20.095851">
        <ele>194.314512</ele>
        <time>2026-08-31T23:16:47.641Z</time>
      </trkpt>
      <trkpt lat="50.032001" lon="20.095935">
        <ele>194.324959</ele>
        <time>2026-08-31T23:16:50.877Z</time>
      </trkpt>
      <trkpt lat="50.032014" lon="20.096458">
        <ele>194.384434</ele>
        <time>2026-08-31T23:17:09.122Z</time>
      </trkpt>
      <trkpt lat="50.032082" lon="20.096650">
        <ele>194.409348</ele>
        <time>2026-08-31T23:17:16.739Z</time>
      </trkpt>
      <trkpt lat="50.032150" lon="20.096779">
        <ele>194.428310</ele>
        <time>2026-08-31T23:17:22.509Z</time>
      </trkpt>
      <trkpt lat="50.032222" lon="20.096847">
        <ele>194.443207</ele>
        <time>2026-08-31T23:17:27.113Z</time>
      </trkpt>
      <trkpt lat="50.032558" lon="20.097027">
        <ele>194.506067</ele>
        <time>2026-08-31T23:17:46.239Z</time>
      </trkpt>
      <trkpt lat="50.032573" lon="20.097057">
        <ele>194.510387</ele>
        <time>2026-08-31T23:17:47.554Z</time>
      </trkpt>
      <trkpt lat="50.032565" lon="20.097134">
        <ele>194.519250</ele>
        <time>2026-08-31T23:17:50.215Z</time>
      </trkpt>
      <trkpt lat="50.032606" lon="20.097165">
        <ele>194.527313</ele>
        <time>2026-08-31T23:17:52.630Z</time>
      </trkpt>
      <trkpt lat="50.032640" lon="20.097191">
        <ele>194.534014</ele>
        <time>2026-08-31T23:17:54.608Z</time>
      </trkpt>
      <trkpt lat="50.032675" lon="20.097116">
        <ele>194.544548</ele>
        <time>2026-08-31T23:17:57.731Z</time>
      </trkpt>
      <trkpt lat="50.032712" lon="20.097104">
        <ele>194.551234</ele>
        <time>2026-08-31T23:17:59.707Z</time>
      </trkpt>
      <trkpt lat="50.032851" lon="20.097177">
        <ele>194.577184</ele>
        <time>2026-08-31T23:18:07.439Z</time>
      </trkpt>
      <trkpt lat="50.032971" lon="20.097286">
        <ele>194.569927</ele>
        <time>2026-08-31T23:18:14.767Z</time>
      </trkpt>
      <trkpt lat="50.033305" lon="20.097930">
        <ele>194.519224</ele>
        <time>2026-08-31T23:18:42.925Z</time>
      </trkpt>
      <trkpt lat="50.033475" lon="20.098145">
        <ele>194.498337</ele>
        <time>2026-08-31T23:18:54.516Z</time>
      </trkpt>
      <trkpt lat="50.034032" lon="20.098713">
        <ele>194.434838</ele>
        <time>2026-08-31T23:19:30.021Z</time>
      </trkpt>
      <trkpt lat="50.034210" lon="20.098832">
        <ele>194.416364</ele>
        <time>2026-08-31T23:19:40.436Z</time>
      </trkpt>
      <trkpt lat="50.034386" lon="20.098899">
        <ele>194.427272</ele>
        <time>2026-08-31T23:19:50.186Z</time>
      </trkpt>
      <trkpt lat="50.034703" lon="20.099024">
        <ele>194.480077</ele>
        <time>2026-08-31T23:20:08.041Z</time>
      </trkpt>
      <trkpt lat="50.035134" lon="20.099278">
        <ele>194.554494</ele>
        <time>2026-08-31T23:20:32.963Z</time>
      </trkpt>
      <trkpt lat="50.035420" lon="20.099464">
        <ele>194.604544</ele>
        <time>2026-08-31T23:20:49.478Z</time>
      </trkpt>
      <trkpt lat="50.035917" lon="20.099889">
        <ele>194.696109</ele>
        <time>2026-08-31T23:21:19.713Z</time>
      </trkpt>
      <trkpt lat="50.035979" lon="20.099960">
        <ele>194.705431</ele>
        <time>2026-08-31T23:21:23.834Z</time>
      </trkpt>
      <trkpt lat="50.036109" lon="20.100150">
        <ele>194.723758</ele>
        <time>2026-08-31T23:21:33.343Z</time>
      </trkpt>
      <trkpt lat="50.036380" lon="20.100846">
        <ele>194.777487</ele>
        <time>2026-08-31T23:22:01.291Z</time>
      </trkpt>
      <trkpt lat="50.036497" lon="20.101011">
        <ele>194.793712</ele>
        <time>2026-08-31T23:22:09.728Z</time>
      </trkpt>
      <trkpt lat="50.036603" lon="20.101136">
        <ele>194.807379</ele>
        <time>2026-08-31T23:22:16.860Z</time>
      </trkpt>
      <trkpt lat="50.036857" lon="20.101319">
        <ele>194.836145</ele>
        <time>2026-08-31T23:22:31.909Z</time>
      </trkpt>
      <trkpt lat="50.036949" lon="20.101470">
        <ele>194.849885</ele>
        <time>2026-08-31T23:22:39.096Z</time>
      </trkpt>
      <trkpt lat="50.036976" lon="20.101688">
        <ele>194.864541</ele>
        <time>2026-08-31T23:22:46.739Z</time>
      </trkpt>
      <trkpt lat="50.036868" lon="20.102231">
        <ele>194.911195</ele>
        <time>2026-08-31T23:23:06.434Z</time>
      </trkpt>
      <trkpt lat="50.036827" lon="20.102406">
        <ele>194.930015</ele>
        <time>2026-08-31T23:23:12.912Z</time>
      </trkpt>
      <trkpt lat="50.036790" lon="20.102797">
        <ele>194.969945</ele>
        <time>2026-08-31T23:23:26.629Z</time>
      </trkpt>
      <trkpt lat="50.036805" lon="20.103220">
        <ele>195.012748</ele>
        <time>2026-08-31T23:23:41.333Z</time>
      </trkpt>
      <trkpt lat="50.037031" lon="20.105132">
        <ele>195.122849</ele>
        <time>2026-08-31T23:24:48.097Z</time>
      </trkpt>
      <trkpt lat="50.037128" lon="20.105950">
        <ele>195.031594</ele>
        <time>2026-08-31T23:25:16.577Z</time>
      </trkpt>
      <trkpt lat="50.037148" lon="20.106159">
        <ele>195.008413</ele>
        <time>2026-08-31T23:25:23.786Z</time>
      </trkpt>
      <trkpt lat="50.037187" lon="20.106614">
        <ele>194.958055</ele>
        <time>2026-08-31T23:25:39.479Z</time>
      </trkpt>
      <trkpt lat="50.037346" lon="20.107081">
        <ele>194.900071</ele>
        <time>2026-08-31T23:25:57.482Z</time>
      </trkpt>
      <trkpt lat="50.037974" lon="20.107793">
        <ele>194.681630</ele>
        <time>2026-08-31T23:26:38.430Z</time>
      </trkpt>
      <trkpt lat="50.038066" lon="20.107954">
        <ele>194.636236</ele>
        <time>2026-08-31T23:26:45.764Z</time>
      </trkpt>
      <trkpt lat="50.038410" lon="20.108635">
        <ele>194.453736</ele>
        <time>2026-08-31T23:27:15.369Z</time>
      </trkpt>
      <trkpt lat="50.038625" lon="20.109064">
        <ele>194.339114</ele>
        <time>2026-08-31T23:27:33.838Z</time>
      </trkpt>
      <trkpt lat="50.038689" lon="20.109189">
        <ele>194.305441</ele>
        <time>2026-08-31T23:27:39.272Z</time>
      </trkpt>
      <trkpt lat="50.038855" lon="20.109553">
        <ele>194.238767</ele>
        <time>2026-08-31T23:27:54.409Z</time>
      </trkpt>
      <trkpt lat="50.038907" lon="20.109750">
        <ele>194.214615</ele>
        <time>2026-08-31T23:28:01.618Z</time>
      </trkpt>
      <trkpt lat="50.038907" lon="20.109984">
        <ele>194.188080</ele>
        <time>2026-08-31T23:28:09.544Z</time>
      </trkpt>
      <trkpt lat="50.038879" lon="20.110146">
        <ele>194.169056</ele>
        <time>2026-08-31T23:28:15.234Z</time>
      </trkpt>
      <trkpt lat="50.038690" lon="20.110797">
        <ele>194.088043</ele>
        <time>2026-08-31T23:28:39.733Z</time>
      </trkpt>
      <trkpt lat="50.038655" lon="20.111058">
        <ele>194.057808</ele>
        <time>2026-08-31T23:28:48.839Z</time>
      </trkpt>
      <trkpt lat="50.038649" lon="20.111391">
        <ele>194.020031</ele>
        <time>2026-08-31T23:29:00.207Z</time>
      </trkpt>
      <trkpt lat="50.038627" lon="20.111429">
        <ele>194.014230</ele>
        <time>2026-08-31T23:29:01.951Z</time>
      </trkpt>
      <trkpt lat="50.038628" lon="20.111490">
        <ele>194.007310</ele>
        <time>2026-08-31T23:29:04.040Z</time>
      </trkpt>
      <trkpt lat="50.038629" lon="20.111556">
        <ele>193.999824</ele>
        <time>2026-08-31T23:29:06.307Z</time>
      </trkpt>
      <trkpt lat="50.038659" lon="20.111610">
        <ele>193.991728</ele>
        <time>2026-08-31T23:29:08.721Z</time>
      </trkpt>
      <trkpt lat="50.038666" lon="20.112119">
        <ele>193.946763</ele>
        <time>2026-08-31T23:29:26.167Z</time>
      </trkpt>
      <trkpt lat="50.038690" lon="20.112293">
        <ele>193.940060</ele>
        <time>2026-08-31T23:29:32.304Z</time>
      </trkpt>
      <trkpt lat="50.038716" lon="20.113046">
        <ele>193.911660</ele>
        <time>2026-08-31T23:29:58.389Z</time>
      </trkpt>
      <trkpt lat="50.038925" lon="20.114828">
        <ele>193.840370</ele>
        <time>2026-08-31T23:31:00.272Z</time>
      </trkpt>
      <trkpt lat="50.038976" lon="20.115092">
        <ele>193.822412</ele>
        <time>2026-08-31T23:31:09.593Z</time>
      </trkpt>
      <trkpt lat="50.039077" lon="20.115319">
        <ele>193.804423</ele>
        <time>2026-08-31T23:31:18.976Z</time>
      </trkpt>
      <trkpt lat="50.039350" lon="20.115645">
        <ele>193.769527</ele>
        <time>2026-08-31T23:31:37.275Z</time>
      </trkpt>
      <trkpt lat="50.039466" lon="20.115863">
        <ele>193.751086</ele>
        <time>2026-08-31T23:31:46.931Z</time>
      </trkpt>
      <trkpt lat="50.039534" lon="20.116150">
        <ele>193.731158</ele>
        <time>2026-08-31T23:31:57.406Z</time>
      </trkpt>
      <trkpt lat="50.039620" lon="20.117125">
        <ele>193.667049</ele>
        <time>2026-08-31T23:32:31.048Z</time>
      </trkpt>
      <trkpt lat="50.039592" lon="20.117824">
        <ele>193.661352</ele>
        <time>2026-08-31T23:32:55.379Z</time>
      </trkpt>
      <trkpt lat="50.039574" lon="20.117947">
        <ele>193.660627</ele>
        <time>2026-08-31T23:32:59.774Z</time>
      </trkpt>
      <trkpt lat="50.039501" lon="20.118360">
        <ele>193.658166</ele>
        <time>2026-08-31T23:33:14.632Z</time>
      </trkpt>
      <trkpt lat="50.039462" lon="20.118562">
        <ele>193.656954</ele>
        <time>2026-08-31T23:33:21.901Z</time>
      </trkpt>
      <trkpt lat="50.039247" lon="20.119701">
        <ele>193.650133</ele>
        <time>2026-08-31T23:34:02.405Z</time>
      </trkpt>
      <trkpt lat="50.039205" lon="20.119928">
        <ele>193.629723</ele>
        <time>2026-08-31T23:34:10.461Z</time>
      </trkpt>
      <trkpt lat="50.039135" lon="20.120286">
        <ele>193.509809</ele>
        <time>2026-08-31T23:34:23.208Z</time>
      </trkpt>
      <trkpt lat="50.039166" lon="20.120307">
        <ele>193.492942</ele>
        <time>2026-08-31T23:34:24.993Z</time>
      </trkpt>
      <trkpt lat="50.038629" lon="20.123182">
        <ele>192.540673</ele>
        <time>2026-08-31T23:36:06.191Z</time>
      </trkpt>
      <trkpt lat="50.038362" lon="20.124546">
        <ele>192.098729</ele>
        <time>2026-08-31T23:36:54.443Z</time>
      </trkpt>
      <trkpt lat="50.038302" lon="20.124957">
        <ele>191.968098</ele>
        <time>2026-08-31T23:37:08.753Z</time>
      </trkpt>
      <trkpt lat="50.038218" lon="20.125536">
        <ele>191.877100</ele>
        <time>2026-08-31T23:37:28.942Z</time>
      </trkpt>
      <trkpt lat="50.038181" lon="20.125988">
        <ele>191.867597</ele>
        <time>2026-08-31T23:37:44.450Z</time>
      </trkpt>
      <trkpt lat="50.038173" lon="20.126407">
        <ele>191.858854</ele>
        <time>2026-08-31T23:37:58.757Z</time>
      </trkpt>
      <trkpt lat="50.038240" lon="20.127418">
        <ele>191.837657</ele>
        <time>2026-08-31T23:38:33.561Z</time>
      </trkpt>
      <trkpt lat="50.038327" lon="20.128157">
        <ele>191.877160</ele>
        <time>2026-08-31T23:38:59.663Z</time>
      </trkpt>
      <trkpt lat="50.038386" lon="20.128480">
        <ele>191.983319</ele>
        <time>2026-08-31T23:39:11.503Z</time>
      </trkpt>
      <trkpt lat="50.038567" lon="20.129028">
        <ele>192.178121</ele>
        <time>2026-08-31T23:39:32.904Z</time>
      </trkpt>
      <trkpt lat="50.038617" lon="20.129158">
        <ele>192.226023</ele>
        <time>2026-08-31T23:39:38.200Z</time>
      </trkpt>
      <trkpt lat="50.038803" lon="20.129599">
        <ele>192.392806</ele>
        <time>2026-08-31T23:39:56.552Z</time>
      </trkpt>
      <trkpt lat="50.038952" lon="20.129940">
        <ele>192.523186</ele>
        <time>2026-08-31T23:40:11.032Z</time>
      </trkpt>
      <trkpt lat="50.039078" lon="20.130357">
        <ele>192.668869</ele>
        <time>2026-08-31T23:40:27.255Z</time>
      </trkpt>
      <trkpt lat="50.039138" lon="20.130897">
        <ele>192.762247</ele>
        <time>2026-08-31T23:40:46.593Z</time>
      </trkpt>
      <trkpt lat="50.039138" lon="20.131160">
        <ele>192.794862</ele>
        <time>2026-08-31T23:40:55.715Z</time>
      </trkpt>
      <trkpt lat="50.039136" lon="20.132198">
        <ele>192.923586</ele>
        <time>2026-08-31T23:41:31.668Z</time>
      </trkpt>
      <trkpt lat="50.039112" lon="20.132861">
        <ele>193.005935</ele>
        <time>2026-08-31T23:41:54.734Z</time>
      </trkpt>
      <trkpt lat="50.039221" lon="20.132991">
        <ele>193.032446</ele>
        <time>2026-08-31T23:42:02.057Z</time>
      </trkpt>
      <trkpt lat="50.039206" lon="20.133057">
        <ele>193.041128</ele>
        <time>2026-08-31T23:42:04.431Z</time>
      </trkpt>
      <trkpt lat="50.039217" lon="20.133067">
        <ele>193.043588</ele>
        <time>2026-08-31T23:42:05.104Z</time>
      </trkpt>
      <trkpt lat="50.039437" lon="20.133343">
        <ele>192.891625</ele>
        <time>2026-08-31T23:42:19.990Z</time>
      </trkpt>
      <trkpt lat="50.039599" lon="20.133492">
        <ele>192.741124</ele>
        <time>2026-08-31T23:42:29.805Z</time>
      </trkpt>
      <trkpt lat="50.039375" lon="20.134406">
        <ele>192.238549</ele>
        <time>2026-08-31T23:43:02.408Z</time>
      </trkpt>
      <trkpt lat="50.039230" lon="20.135362">
        <ele>191.733909</ele>
        <time>2026-08-31T23:43:35.265Z</time>
      </trkpt>
      <trkpt lat="50.039212" lon="20.135650">
        <ele>191.629316</ele>
        <time>2026-08-31T23:43:44.988Z</time>
      </trkpt>
      <trkpt lat="50.039255" lon="20.135690">
        <ele>191.641136</ele>
        <time>2026-08-31T23:43:47.639Z</time>
      </trkpt>
      <trkpt lat="50.039606" lon="20.135699">
        <ele>191.723978</ele>
        <time>2026-08-31T23:44:06.231Z</time>
      </trkpt>
      <trkpt lat="50.039671" lon="20.135729">
        <ele>191.739977</ele>
        <time>2026-08-31T23:44:09.805Z</time>
      </trkpt>
      <trkpt lat="50.039680" lon="20.136199">
        <ele>191.811243</ele>
        <time>2026-08-31T23:44:25.960Z</time>
      </trkpt>
      <trkpt lat="50.039772" lon="20.136518">
        <ele>191.864242</ele>
        <time>2026-08-31T23:44:38.113Z</time>
      </trkpt>
      <trkpt lat="50.039960" lon="20.136857">
        <ele>191.932126</ele>
        <time>2026-08-31T23:44:53.839Z</time>
      </trkpt>
      <trkpt lat="50.040243" lon="20.137146">
        <ele>192.011992</ele>
        <time>2026-08-31T23:45:12.473Z</time>
      </trkpt>
      <trkpt lat="50.040299" lon="20.137240">
        <ele>192.031424</ele>
        <time>2026-08-31T23:45:17.020Z</time>
      </trkpt>
      <trkpt lat="50.040141" lon="20.137828">
        <ele>192.323334</ele>
        <time>2026-08-31T23:45:39.684Z</time>
      </trkpt>
      <trkpt lat="50.040242" lon="20.137992">
        <ele>192.437558</ele>
        <time>2026-08-31T23:45:47.692Z</time>
      </trkpt>
      <trkpt lat="50.040254" lon="20.138066">
        <ele>192.475926</ele>
        <time>2026-08-31T23:45:50.372Z</time>
      </trkpt>
      <trkpt lat="50.040375" lon="20.138154">
        <ele>192.580460</ele>
        <time>2026-08-31T23:45:57.668Z</time>
      </trkpt>
      <trkpt lat="50.040362" lon="20.138862">
        <ele>192.936524</ele>
        <time>2026-08-31T23:46:22.848Z</time>
      </trkpt>
      <trkpt lat="50.040311" lon="20.138816">
        <ele>192.982657</ele>
        <time>2026-08-31T23:46:26.618Z</time>
      </trkpt>
      <trkpt lat="50.040328" lon="20.139179">
        <ele>193.165626</ele>
        <time>2026-08-31T23:46:39.665Z</time>
      </trkpt>
      <trkpt lat="50.040367" lon="20.139816">
        <ele>193.442118</ele>
        <time>2026-08-31T23:47:02.177Z</time>
      </trkpt>
      <trkpt lat="50.040312" lon="20.139931">
        <ele>193.422997</ele>
        <time>2026-08-31T23:47:07.217Z</time>
      </trkpt>
      <trkpt lat="50.040160" lon="20.140233">
        <ele>193.371828</ele>
        <time>2026-08-31T23:47:20.451Z</time>
      </trkpt>
      <trkpt lat="50.040142" lon="20.140282">
        <ele>193.364300</ele>
        <time>2026-08-31T23:47:22.389Z</time>
      </trkpt>
      <trkpt lat="50.040020" lon="20.140595">
        <ele>193.315472</ele>
        <time>2026-08-31T23:47:34.833Z</time>
      </trkpt>
      <trkpt lat="50.039932" lon="20.140746">
        <ele>193.288280</ele>
        <time>2026-08-31T23:47:41.742Z</time>
      </trkpt>
      <trkpt lat="50.039489" lon="20.141457">
        <ele>193.156172</ele>
        <time>2026-08-31T23:48:15.417Z</time>
      </trkpt>
      <trkpt lat="50.039457" lon="20.141503">
        <ele>193.147129</ele>
        <time>2026-08-31T23:48:17.705Z</time>
      </trkpt>
      <trkpt lat="50.039427" lon="20.141580">
        <ele>193.135118</ele>
        <time>2026-08-31T23:48:20.745Z</time>
      </trkpt>
      <trkpt lat="50.039353" lon="20.141792">
        <ele>193.102939</ele>
        <time>2026-08-31T23:48:28.890Z</time>
      </trkpt>
      <trkpt lat="50.039141" lon="20.142706">
        <ele>192.940785</ele>
        <time>2026-08-31T23:49:01.491Z</time>
      </trkpt>
      <trkpt lat="50.038945" lon="20.143254">
        <ele>192.831141</ele>
        <time>2026-08-31T23:49:22.802Z</time>
      </trkpt>
      <trkpt lat="50.038775" lon="20.143621">
        <ele>192.752044</ele>
        <time>2026-08-31T23:49:38.294Z</time>
      </trkpt>
      <trkpt lat="50.038572" lon="20.143969">
        <ele>192.669866</ele>
        <time>2026-08-31T23:49:54.453Z</time>
      </trkpt>
      <trkpt lat="50.038485" lon="20.144098">
        <ele>192.637168</ele>
        <time>2026-08-31T23:50:00.920Z</time>
      </trkpt>
      <trkpt lat="50.038382" lon="20.144253">
        <ele>192.598181</ele>
        <time>2026-08-31T23:50:08.590Z</time>
      </trkpt>
      <trkpt lat="50.038291" lon="20.144434">
        <ele>192.599338</ele>
        <time>2026-08-31T23:50:16.475Z</time>
      </trkpt>
      <trkpt lat="50.038124" lon="20.144974">
        <ele>192.636196</ele>
        <time>2026-08-31T23:50:37.139Z</time>
      </trkpt>
      <trkpt lat="50.038158" lon="20.145022">
        <ele>192.640591</ele>
        <time>2026-08-31T23:50:40.088Z</time>
      </trkpt>
      <trkpt lat="50.038141" lon="20.145079">
        <ele>192.644456</ele>
        <time>2026-08-31T23:50:42.327Z</time>
      </trkpt>
      <trkpt lat="50.038649" lon="20.145721">
        <ele>192.707104</ele>
        <time>2026-08-31T23:51:17.439Z</time>
      </trkpt>
      <trkpt lat="50.038733" lon="20.145847">
        <ele>192.718272</ele>
        <time>2026-08-31T23:51:23.645Z</time>
      </trkpt>
      <trkpt lat="50.038823" lon="20.146060">
        <ele>192.733951</ele>
        <time>2026-08-31T23:51:32.386Z</time>
      </trkpt>
      <trkpt lat="50.039301" lon="20.147656">
        <ele>192.716079</ele>
        <time>2026-08-31T23:52:32.606Z</time>
      </trkpt>
      <trkpt lat="50.039449" lon="20.148192">
        <ele>192.696378</ele>
        <time>2026-08-31T23:52:52.574Z</time>
      </trkpt>
      <trkpt lat="50.039452" lon="20.148205">
        <ele>192.695912</ele>
        <time>2026-08-31T23:52:53.036Z</time>
      </trkpt>
      <trkpt lat="50.039585" lon="20.148919">
        <ele>192.670809</ele>
        <time>2026-08-31T23:53:18.611Z</time>
      </trkpt>
      <trkpt lat="50.039702" lon="20.149354">
        <ele>192.660655</ele>
        <time>2026-08-31T23:53:34.823Z</time>
      </trkpt>
      <trkpt lat="50.039866" lon="20.149773">
        <ele>192.652508</ele>
        <time>2026-08-31T23:53:51.602Z</time>
      </trkpt>
      <trkpt lat="50.040110" lon="20.150240">
        <ele>192.642513</ele>
        <time>2026-08-31T23:54:12.221Z</time>
      </trkpt>
      <trkpt lat="50.040527" lon="20.151038">
        <ele>192.625433</ele>
        <time>2026-08-31T23:54:47.411Z</time>
      </trkpt>
      <trkpt lat="50.040747" lon="20.151528">
        <ele>192.643597</ele>
        <time>2026-08-31T23:55:07.913Z</time>
      </trkpt>
      <trkpt lat="50.041115" lon="20.152568">
        <ele>192.754683</ele>
        <time>2026-08-31T23:55:48.765Z</time>
      </trkpt>
      <trkpt lat="50.041404" lon="20.153500">
        <ele>192.851505</ele>
        <time>2026-08-31T23:56:24.670Z</time>
      </trkpt>
      <trkpt lat="50.041535" lon="20.154009">
        <ele>192.876635</ele>
        <time>2026-08-31T23:56:43.582Z</time>
      </trkpt>
      <trkpt lat="50.041536" lon="20.154204">
        <ele>192.872209</ele>
        <time>2026-08-31T23:56:50.280Z</time>
      </trkpt>
      <trkpt lat="50.041486" lon="20.154379">
        <ele>192.867862</ele>
        <time>2026-08-31T23:56:56.842Z</time>
      </trkpt>
      <trkpt lat="50.041074" lon="20.155174">
        <ele>192.844675</ele>
        <time>2026-08-31T23:57:32.089Z</time>
      </trkpt>
      <trkpt lat="50.040861" lon="20.155636">
        <ele>192.831766</ele>
        <time>2026-08-31T23:57:51.542Z</time>
      </trkpt>
      <trkpt lat="50.040777" lon="20.156143">
        <ele>192.819881</ele>
        <time>2026-08-31T23:58:09.340Z</time>
      </trkpt>
      <trkpt lat="50.040564" lon="20.156934">
        <ele>192.648535</ele>
        <time>2026-08-31T23:58:38.305Z</time>
      </trkpt>
      <trkpt lat="50.040566" lon="20.157140">
        <ele>192.603878</ele>
        <time>2026-08-31T23:58:45.268Z</time>
      </trkpt>
      <trkpt lat="50.040604" lon="20.157315">
        <ele>192.563837</ele>
        <time>2026-08-31T23:58:51.526Z</time>
      </trkpt>
      <trkpt lat="50.040665" lon="20.157432">
        <ele>192.531172</ele>
        <time>2026-08-31T23:58:56.639Z</time>
      </trkpt>
      <trkpt lat="50.040804" lon="20.157467">
        <ele>192.483650</ele>
        <time>2026-08-31T23:59:04.085Z</time>
      </trkpt>
      <trkpt lat="50.040864" lon="20.157440">
        <ele>192.462571</ele>
        <time>2026-08-31T23:59:07.376Z</time>
      </trkpt>
      <trkpt lat="50.041080" lon="20.157223">
        <ele>192.375815</ele>
        <time>2026-08-31T23:59:20.945Z</time>
      </trkpt>
      <trkpt lat="50.041225" lon="20.157214">
        <ele>192.326839</ele>
        <time>2026-08-31T23:59:28.645Z</time>
      </trkpt>
      <trkpt lat="50.041515" lon="20.157365">
        <ele>192.223637</ele>
        <time>2026-08-31T23:59:44.912Z</time>
      </trkpt>
      <trkpt lat="50.041669" lon="20.157492">
        <ele>192.185537</ele>
        <time>2026-08-31T23:59:54.242Z</time>
      </trkpt>
      <trkpt lat="50.041832" lon="20.157696">
        <ele>192.146522</ele>
        <time>2026-09-01T00:00:05.521Z</time>
      </trkpt>
      <trkpt lat="50.041884" lon="20.157837">
        <ele>192.127042</ele>
        <time>2026-09-01T00:00:11.130Z</time>
      </trkpt>
      <trkpt lat="50.041908" lon="20.157903">
        <ele>192.117954</ele>
        <time>2026-09-01T00:00:13.749Z</time>
      </trkpt>
      <trkpt lat="50.041942" lon="20.158148">
        <ele>192.087923</ele>
        <time>2026-09-01T00:00:22.395Z</time>
      </trkpt>
      <trkpt lat="50.041967" lon="20.158661">
        <ele>192.026283</ele>
        <time>2026-09-01T00:00:40.105Z</time>
      </trkpt>
      <trkpt lat="50.041930" lon="20.159124">
        <ele>191.970382</ele>
        <time>2026-09-01T00:00:56.110Z</time>
      </trkpt>
      <trkpt lat="50.041692" lon="20.160531">
        <ele>191.806318</ele>
        <time>2026-09-01T00:01:45.032Z</time>
      </trkpt>
      <trkpt lat="50.041671" lon="20.160818">
        <ele>191.776175</ele>
        <time>2026-09-01T00:01:54.718Z</time>
      </trkpt>
      <trkpt lat="50.041698" lon="20.161479">
        <ele>191.707058</ele>
        <time>2026-09-01T00:02:17.094Z</time>
      </trkpt>
      <trkpt lat="50.041673" lon="20.161621">
        <ele>191.691693</ele>
        <time>2026-09-01T00:02:22.125Z</time>
      </trkpt>
      <trkpt lat="50.041591" lon="20.161797">
        <ele>191.669003</ele>
        <time>2026-09-01T00:02:29.605Z</time>
      </trkpt>
      <trkpt lat="50.041505" lon="20.161873">
        <ele>191.652936</ele>
        <time>2026-09-01T00:02:34.989Z</time>
      </trkpt>
      <trkpt lat="50.041128" lon="20.162004">
        <ele>191.590172</ele>
        <time>2026-09-01T00:02:56.056Z</time>
      </trkpt>
      <trkpt lat="50.041066" lon="20.162019">
        <ele>191.598092</ele>
        <time>2026-09-01T00:02:59.522Z</time>
      </trkpt>
      <trkpt lat="50.040825" lon="20.162001">
        <ele>191.770419</ele>
        <time>2026-09-01T00:03:12.874Z</time>
      </trkpt>
      <trkpt lat="50.040672" lon="20.161923">
        <ele>191.885405</ele>
        <time>2026-09-01T00:03:21.782Z</time>
      </trkpt>
      <trkpt lat="50.040419" lon="20.161224">
        <ele>192.253457</ele>
        <time>2026-09-01T00:03:50.456Z</time>
      </trkpt>
      <trkpt lat="50.040358" lon="20.161148">
        <ele>192.309256</ele>
        <time>2026-09-01T00:03:54.841Z</time>
      </trkpt>
      <trkpt lat="50.040081" lon="20.160655">
        <ele>192.609728</ele>
        <time>2026-09-01T00:04:17.898Z</time>
      </trkpt>
      <trkpt lat="50.040027" lon="20.160640">
        <ele>192.648906</ele>
        <time>2026-09-01T00:04:20.879Z</time>
      </trkpt>
      <trkpt lat="50.039996" lon="20.160667">
        <ele>192.674276</ele>
        <time>2026-09-01T00:04:22.826Z</time>
      </trkpt>
      <trkpt lat="50.039962" lon="20.160697">
        <ele>192.702188</ele>
        <time>2026-09-01T00:04:24.902Z</time>
      </trkpt>
      <trkpt lat="50.039855" lon="20.160257">
        <ele>192.873122</ele>
        <time>2026-09-01T00:04:41.209Z</time>
      </trkpt>
      <trkpt lat="50.039807" lon="20.159738">
        <ele>192.897839</ele>
        <time>2026-09-01T00:04:59.267Z</time>
      </trkpt>
      <trkpt lat="50.039709" lon="20.159758">
        <ele>192.905093</ele>
        <time>2026-09-01T00:05:04.551Z</time>
      </trkpt>
      <trkpt lat="50.039634" lon="20.159501">
        <ele>192.918400</ele>
        <time>2026-09-01T00:05:14.247Z</time>
      </trkpt>
      <trkpt lat="50.039709" lon="20.159758">
        <ele>192.931707</ele>
        <time>2026-09-01T00:05:23.962Z</time>
      </trkpt>
      <trkpt lat="50.039807" lon="20.159738">
        <ele>192.938961</ele>
        <time>2026-09-01T00:05:29.229Z</time>
      </trkpt>
      <trkpt lat="50.039855" lon="20.160257">
        <ele>192.963679</ele>
        <time>2026-09-01T00:05:47.167Z</time>
      </trkpt>
      <trkpt lat="50.039962" lon="20.160697">
        <ele>192.985857</ele>
        <time>2026-09-01T00:06:03.236Z</time>
      </trkpt>
      <trkpt lat="50.039996" lon="20.160667">
        <ele>192.988725</ele>
        <time>2026-09-01T00:06:05.309Z</time>
      </trkpt>
      <trkpt lat="50.040027" lon="20.160640">
        <ele>192.991332</ele>
        <time>2026-09-01T00:06:07.221Z</time>
      </trkpt>
      <trkpt lat="50.040081" lon="20.160655">
        <ele>192.995358</ele>
        <time>2026-09-01T00:06:10.144Z</time>
      </trkpt>
      <trkpt lat="50.040358" lon="20.161148">
        <ele>193.015753</ele>
        <time>2026-09-01T00:06:32.700Z</time>
      </trkpt>
      <trkpt lat="50.040505" lon="20.161791">
        <ele>193.035074</ele>
        <time>2026-09-01T00:06:56.085Z</time>
      </trkpt>
      <trkpt lat="50.040603" lon="20.162926">
        <ele>193.067494</ele>
        <time>2026-09-01T00:07:35.413Z</time>
      </trkpt>
      <trkpt lat="50.040829" lon="20.164294">
        <ele>193.003322</ele>
        <time>2026-09-01T00:08:24.106Z</time>
      </trkpt>
      <trkpt lat="50.040933" lon="20.164790">
        <ele>192.963550</ele>
        <time>2026-09-01T00:08:41.995Z</time>
      </trkpt>
      <trkpt lat="50.041008" lon="20.165042">
        <ele>192.942379</ele>
        <time>2026-09-01T00:08:51.526Z</time>
      </trkpt>
      <trkpt lat="50.041151" lon="20.165394">
        <ele>192.910631</ele>
        <time>2026-09-01T00:09:05.766Z</time>
      </trkpt>
      <trkpt lat="50.041808" lon="20.166752">
        <ele>192.443848</ele>
        <time>2026-09-01T00:10:03.065Z</time>
      </trkpt>
      <trkpt lat="50.042080" lon="20.167457">
        <ele>192.131788</ele>
        <time>2026-09-01T00:10:30.663Z</time>
      </trkpt>
      <trkpt lat="50.043351" lon="20.171280">
        <ele>191.565174</ele>
        <time>2026-09-01T00:12:57.357Z</time>
      </trkpt>
      <trkpt lat="50.044278" lon="20.173996">
        <ele>192.111440</ele>
        <time>2026-09-01T00:14:44.780Z</time>
      </trkpt>
      <trkpt lat="50.044398" lon="20.174373">
        <ele>192.163145</ele>
        <time>2026-09-01T00:14:59.386Z</time>
      </trkpt>
      <trkpt lat="50.044865" lon="20.175841">
        <ele>192.292965</ele>
        <time>2026-09-01T00:15:55.663Z</time>
      </trkpt>
      <trkpt lat="50.044950" lon="20.176164">
        <ele>192.190184</ele>
        <time>2026-09-01T00:16:07.539Z</time>
      </trkpt>
      <trkpt lat="50.045541" lon="20.178689">
        <ele>191.517929</ele>
        <time>2026-09-01T00:17:38.297Z</time>
      </trkpt>
      <trkpt lat="50.045929" lon="20.180346">
        <ele>191.514489</ele>
        <time>2026-09-01T00:18:38.506Z</time>
      </trkpt>
      <trkpt lat="50.046456" lon="20.182585">
        <ele>192.124336</ele>
        <time>2026-09-01T00:20:02.772Z</time>
      </trkpt>
      <trkpt lat="50.046718" lon="20.183693">
        <ele>192.441088</ele>
        <time>2026-09-01T00:20:43.796Z</time>
      </trkpt>
      <trkpt lat="50.046832" lon="20.184591">
        <ele>192.116432</ele>
        <time>2026-09-01T00:21:14.881Z</time>
      </trkpt>
      <trkpt lat="50.046835" lon="20.185563">
        <ele>191.771690</ele>
        <time>2026-09-01T00:21:47.547Z</time>
      </trkpt>
      <trkpt lat="50.046746" lon="20.186330">
        <ele>191.495355</ele>
        <time>2026-09-01T00:22:13.618Z</time>
      </trkpt>
      <trkpt lat="50.046522" lon="20.187320">
        <ele>191.501941</ele>
        <time>2026-09-01T00:22:48.942Z</time>
      </trkpt>
      <trkpt lat="50.044767" lon="20.194002">
        <ele>191.859901</ele>
        <time>2026-09-01T00:26:58.347Z</time>
      </trkpt>
      <trkpt lat="50.044100" lon="20.196399">
        <ele>191.921827</ele>
        <time>2026-09-01T00:28:28.097Z</time>
      </trkpt>
      <trkpt lat="50.043238" lon="20.199406">
        <ele>191.615669</ele>
        <time>2026-09-01T00:30:20.411Z</time>
      </trkpt>
      <trkpt lat="50.042601" lon="20.201626">
        <ele>191.392839</ele>
        <time>2026-09-01T00:31:43.449Z</time>
      </trkpt>
      <trkpt lat="50.042468" lon="20.202178">
        <ele>191.361789</ele>
        <time>2026-09-01T00:32:03.584Z</time>
      </trkpt>
      <trkpt lat="50.042328" lon="20.203015">
        <ele>191.333381</ele>
        <time>2026-09-01T00:32:33.194Z</time>
      </trkpt>
      <trkpt lat="50.042292" lon="20.203593">
        <ele>191.314308</ele>
        <time>2026-09-01T00:32:53.131Z</time>
      </trkpt>
      <trkpt lat="50.042294" lon="20.204072">
        <ele>191.298575</ele>
        <time>2026-09-01T00:33:09.572Z</time>
      </trkpt>
      <trkpt lat="50.042331" lon="20.204851">
        <ele>191.258350</ele>
        <time>2026-09-01T00:33:36.344Z</time>
      </trkpt>
      <trkpt lat="50.042374" lon="20.205172">
        <ele>191.231438</ele>
        <time>2026-09-01T00:33:47.553Z</time>
      </trkpt>
      <trkpt lat="50.042455" lon="20.205739">
        <ele>191.183765</ele>
        <time>2026-09-01T00:34:07.393Z</time>
      </trkpt>
      <trkpt lat="50.042642" lon="20.206506">
        <ele>191.116431</ele>
        <time>2026-09-01T00:34:35.438Z</time>
      </trkpt>
      <trkpt lat="50.042855" lon="20.207125">
        <ele>191.058795</ele>
        <time>2026-09-01T00:34:59.362Z</time>
      </trkpt>
      <trkpt lat="50.043198" lon="20.207955">
        <ele>190.947107</ele>
        <time>2026-09-01T00:35:32.903Z</time>
      </trkpt>
      <trkpt lat="50.043618" lon="20.208778">
        <ele>190.825531</ele>
        <time>2026-09-01T00:36:08.669Z</time>
      </trkpt>
      <trkpt lat="50.044069" lon="20.209556">
        <ele>190.814784</ele>
        <time>2026-09-01T00:36:44.525Z</time>
      </trkpt>
      <trkpt lat="50.044505" lon="20.210161">
        <ele>191.182886</ele>
        <time>2026-09-01T00:37:16.472Z</time>
      </trkpt>
      <trkpt lat="50.044457" lon="20.210307">
        <ele>191.249279</ele>
        <time>2026-09-01T00:37:22.308Z</time>
      </trkpt>
      <trkpt lat="50.044560" lon="20.210528">
        <ele>191.359812</ele>
        <time>2026-09-01T00:37:33.708Z</time>
      </trkpt>
      <trkpt lat="50.044577" lon="20.210742">
        <ele>191.447096</ele>
        <time>2026-09-01T00:37:41.325Z</time>
      </trkpt>
      <trkpt lat="50.044558" lon="20.211381">
        <ele>191.706030</ele>
        <time>2026-09-01T00:38:03.990Z</time>
      </trkpt>
      <trkpt lat="50.044540" lon="20.211485">
        <ele>191.749630</ele>
        <time>2026-09-01T00:38:07.788Z</time>
      </trkpt>
      <trkpt lat="50.044530" lon="20.211566">
        <ele>191.783018</ele>
        <time>2026-09-01T00:38:10.725Z</time>
      </trkpt>
      <trkpt lat="50.044559" lon="20.211725">
        <ele>191.849924</ele>
        <time>2026-09-01T00:38:16.616Z</time>
      </trkpt>
      <trkpt lat="50.044631" lon="20.211809">
        <ele>191.866179</ele>
        <time>2026-09-01T00:38:21.633Z</time>
      </trkpt>
      <trkpt lat="50.044617" lon="20.211867">
        <ele>191.868227</ele>
        <time>2026-09-01T00:38:23.846Z</time>
      </trkpt>
      <trkpt lat="50.044597" lon="20.211948">
        <ele>191.871096</ele>
        <time>2026-09-01T00:38:26.900Z</time>
      </trkpt>
      <trkpt lat="50.044586" lon="20.211993">
        <ele>191.872688</ele>
        <time>2026-09-01T00:38:28.591Z</time>
      </trkpt>
      <trkpt lat="50.044532" lon="20.211988">
        <ele>191.875473</ele>
        <time>2026-09-01T00:38:31.577Z</time>
      </trkpt>
      <trkpt lat="50.044417" lon="20.212065">
        <ele>191.881918</ele>
        <time>2026-09-01T00:38:38.347Z</time>
      </trkpt>
      <trkpt lat="50.044293" lon="20.212082">
        <ele>191.888326</ele>
        <time>2026-09-01T00:38:45.105Z</time>
      </trkpt>
      <trkpt lat="50.044246" lon="20.212145">
        <ele>191.891519</ele>
        <time>2026-09-01T00:38:48.465Z</time>
      </trkpt>
      <trkpt lat="50.044109" lon="20.212244">
        <ele>191.899295</ele>
        <time>2026-09-01T00:38:56.522Z</time>
      </trkpt>
      <trkpt lat="50.043877" lon="20.212418">
        <ele>191.912552</ele>
        <time>2026-09-01T00:39:10.208Z</time>
      </trkpt>
      <trkpt lat="50.043682" lon="20.212514">
        <ele>191.923081</ele>
        <time>2026-09-01T00:39:20.996Z</time>
      </trkpt>
      <trkpt lat="50.042818" lon="20.212789">
        <ele>191.910608</ele>
        <time>2026-09-01T00:40:07.605Z</time>
      </trkpt>
      <trkpt lat="50.042807" lon="20.212796">
        <ele>191.908558</ele>
        <time>2026-09-01T00:40:08.212Z</time>
      </trkpt>
      <trkpt lat="50.042770" lon="20.212807">
        <ele>191.902060</ele>
        <time>2026-09-01T00:40:10.187Z</time>
      </trkpt>
      <trkpt lat="50.042743" lon="20.212814">
        <ele>191.897339</ele>
        <time>2026-09-01T00:40:11.677Z</time>
      </trkpt>
      <trkpt lat="50.041494" lon="20.213217">
        <ele>191.677303</ele>
        <time>2026-09-01T00:41:19.478Z</time>
      </trkpt>
      <trkpt lat="50.040982" lon="20.213413">
        <ele>191.586510</ele>
        <time>2026-09-01T00:41:47.725Z</time>
      </trkpt>
      <trkpt lat="50.040715" lon="20.213619">
        <ele>191.535248</ele>
        <time>2026-09-01T00:42:03.713Z</time>
      </trkpt>
      <trkpt lat="50.040224" lon="20.214194">
        <ele>191.429555</ele>
        <time>2026-09-01T00:42:36.492Z</time>
      </trkpt>
      <trkpt lat="50.040187" lon="20.214235">
        <ele>191.421743</ele>
        <time>2026-09-01T00:42:38.925Z</time>
      </trkpt>
      <trkpt lat="50.040154" lon="20.214269">
        <ele>191.414935</ele>
        <time>2026-09-01T00:42:41.033Z</time>
      </trkpt>
      <trkpt lat="50.039371" lon="20.215149">
        <ele>191.144275</ele>
        <time>2026-09-01T00:43:31.781Z</time>
      </trkpt>
      <trkpt lat="50.039312" lon="20.215217">
        <ele>191.116417</ele>
        <time>2026-09-01T00:43:35.678Z</time>
      </trkpt>
      <trkpt lat="50.039252" lon="20.215286">
        <ele>191.088108</ele>
        <time>2026-09-01T00:43:39.535Z</time>
      </trkpt>
      <trkpt lat="50.038738" lon="20.215922">
        <ele>190.838937</ele>
        <time>2026-09-01T00:44:14.135Z</time>
      </trkpt>
      <trkpt lat="50.038713" lon="20.215882">
        <ele>190.825332</ele>
        <time>2026-09-01T00:44:16.039Z</time>
      </trkpt>
      <trkpt lat="50.038691" lon="20.215848">
        <ele>190.813568</ele>
        <time>2026-09-01T00:44:17.645Z</time>
      </trkpt>
      <trkpt lat="50.038649" lon="20.215782">
        <ele>190.790921</ele>
        <time>2026-09-01T00:44:20.776Z</time>
      </trkpt>
      <trkpt lat="50.038337" lon="20.216327">
        <ele>190.824324</ele>
        <time>2026-09-01T00:44:45.659Z</time>
      </trkpt>
      <trkpt lat="50.038305" lon="20.216303">
        <ele>190.882255</ele>
        <time>2026-09-01T00:44:47.613Z</time>
      </trkpt>
      <trkpt lat="50.038274" lon="20.216334">
        <ele>190.942344</ele>
        <time>2026-09-01T00:44:49.576Z</time>
      </trkpt>
      <trkpt lat="50.038191" lon="20.216420">
        <ele>191.104950</ele>
        <time>2026-09-01T00:44:55.050Z</time>
      </trkpt>
      <trkpt lat="50.038039" lon="20.216472">
        <ele>191.358769</ele>
        <time>2026-09-01T00:45:03.624Z</time>
      </trkpt>
      <trkpt lat="50.037931" lon="20.216486">
        <ele>191.535522</ele>
        <time>2026-09-01T00:45:09.573Z</time>
      </trkpt>
      <trkpt lat="50.037870" lon="20.216499">
        <ele>191.635938</ele>
        <time>2026-09-01T00:45:13.034Z</time>
      </trkpt>
      <trkpt lat="50.037628" lon="20.216985">
        <ele>192.280117</ele>
        <time>2026-09-01T00:45:35.479Z</time>
      </trkpt>
      <trkpt lat="50.037437" lon="20.216797">
        <ele>192.648661</ele>
        <time>2026-09-01T00:45:48.556Z</time>
      </trkpt>
      <trkpt lat="50.037295" lon="20.216569">
        <ele>192.981348</ele>
        <time>2026-09-01T00:46:00.561Z</time>
      </trkpt>
      <trkpt lat="50.037269" lon="20.216653">
        <ele>193.079027</ele>
        <time>2026-09-01T00:46:04.115Z</time>
      </trkpt>
      <trkpt lat="50.037240" lon="20.216590">
        <ele>193.160221</ele>
        <time>2026-09-01T00:46:07.137Z</time>
      </trkpt>
      <trkpt lat="50.037143" lon="20.216637">
        <ele>193.325908</ele>
        <time>2026-09-01T00:46:13.201Z</time>
      </trkpt>
      <trkpt lat="50.037093" lon="20.216656">
        <ele>193.409849</ele>
        <time>2026-09-01T00:46:16.301Z</time>
      </trkpt>
      <trkpt lat="50.037102" lon="20.216728">
        <ele>193.486688</ele>
        <time>2026-09-01T00:46:19.162Z</time>
      </trkpt>
      <trkpt lat="50.036582" lon="20.216781">
        <ele>194.777996</ele>
        <time>2026-09-01T00:46:50.451Z</time>
      </trkpt>
      <trkpt lat="50.036548" lon="20.216838">
        <ele>194.907428</ele>
        <time>2026-09-01T00:46:53.433Z</time>
      </trkpt>
      <trkpt lat="50.036338" lon="20.216862">
        <ele>195.452902</ele>
        <time>2026-09-01T00:47:05.902Z</time>
      </trkpt>
      <trkpt lat="50.036265" lon="20.216867">
        <ele>195.642193</ele>
        <time>2026-09-01T00:47:10.112Z</time>
      </trkpt>
      <trkpt lat="50.036234" lon="20.216815">
        <ele>195.760241</ele>
        <time>2026-09-01T00:47:12.849Z</time>
      </trkpt>
      <trkpt lat="50.036124" lon="20.216825">
        <ele>196.045684</ele>
        <time>2026-09-01T00:47:19.298Z</time>
      </trkpt>
      <trkpt lat="50.036071" lon="20.216831">
        <ele>196.183344</ele>
        <time>2026-09-01T00:47:22.493Z</time>
      </trkpt>
      <trkpt lat="50.036003" lon="20.216838">
        <ele>196.359884</ele>
        <time>2026-09-01T00:47:26.447Z</time>
      </trkpt>
      <trkpt lat="50.035933" lon="20.216845">
        <ele>196.541595</ele>
        <time>2026-09-01T00:47:30.552Z</time>
      </trkpt>
      <trkpt lat="50.035856" lon="20.216851">
        <ele>196.741315</ele>
        <time>2026-09-01T00:47:35.173Z</time>
      </trkpt>
      <trkpt lat="50.035706" lon="20.216863">
        <ele>197.130406</ele>
        <time>2026-09-01T00:47:44.152Z</time>
      </trkpt>
      <trkpt lat="50.035654" lon="20.216996">
        <ele>197.389482</ele>
        <time>2026-09-01T00:47:50.148Z</time>
      </trkpt>
      <trkpt lat="50.035618" lon="20.217011">
        <ele>197.486023</ele>
        <time>2026-09-01T00:47:52.411Z</time>
      </trkpt>
      <trkpt lat="50.035576" lon="20.217028">
        <ele>197.598442</ele>
        <time>2026-09-01T00:47:55.084Z</time>
      </trkpt>
      <trkpt lat="50.035522" lon="20.216905">
        <ele>197.846344</ele>
        <time>2026-09-01T00:48:00.926Z</time>
      </trkpt>
      <trkpt lat="50.035253" lon="20.216984">
        <ele>198.402982</ele>
        <time>2026-09-01T00:48:16.925Z</time>
      </trkpt>
      <trkpt lat="50.035029" lon="20.217064">
        <ele>198.705156</ele>
        <time>2026-09-01T00:48:29.763Z</time>
      </trkpt>
      <trkpt lat="50.034958" lon="20.217089">
        <ele>198.800867</ele>
        <time>2026-09-01T00:48:34.485Z</time>
      </trkpt>
      <trkpt lat="50.034508" lon="20.217247">
        <ele>199.407405</ele>
        <time>2026-09-01T00:49:04.349Z</time>
      </trkpt>
      <trkpt lat="50.034195" lon="20.217415">
        <ele>199.842721</ele>
        <time>2026-09-01T00:49:26.140Z</time>
      </trkpt>
      <trkpt lat="50.033836" lon="20.217594">
        <ele>200.338366</ele>
        <time>2026-09-01T00:49:51.165Z</time>
      </trkpt>
      <trkpt lat="50.033789" lon="20.217573">
        <ele>200.402658</ele>
        <time>2026-09-01T00:49:54.537Z</time>
      </trkpt>
      <trkpt lat="50.033525" lon="20.217634">
        <ele>200.712983</ele>
        <time>2026-09-01T00:50:09.300Z</time>
      </trkpt>
      <trkpt lat="50.033413" lon="20.217646">
        <ele>200.818647</ele>
        <time>2026-09-01T00:50:16.457Z</time>
      </trkpt>
      <trkpt lat="50.033400" lon="20.217647">
        <ele>200.830898</ele>
        <time>2026-09-01T00:50:17.253Z</time>
      </trkpt>
      <trkpt lat="50.032789" lon="20.217690">
        <ele>201.406560</ele>
        <time>2026-09-01T00:50:56.232Z</time>
      </trkpt>
      <trkpt lat="50.032777" lon="20.217691">
        <ele>201.417871</ele>
        <time>2026-09-01T00:50:57.042Z</time>
      </trkpt>
      <trkpt lat="50.032732" lon="20.217695">
        <ele>201.460294</ele>
        <time>2026-09-01T00:50:59.614Z</time>
      </trkpt>
      <trkpt lat="50.032684" lon="20.217700">
        <ele>201.505573</ele>
        <time>2026-09-01T00:51:02.307Z</time>
      </trkpt>
      <trkpt lat="50.032547" lon="20.218107">
        <ele>201.783377</ele>
        <time>2026-09-01T00:51:18.891Z</time>
      </trkpt>
      <trkpt lat="50.032441" lon="20.218296">
        <ele>201.935068</ele>
        <time>2026-09-01T00:51:28.087Z</time>
      </trkpt>
      <trkpt lat="50.032295" lon="20.218408">
        <ele>202.088262</ele>
        <time>2026-09-01T00:51:37.260Z</time>
      </trkpt>
      <trkpt lat="50.032211" lon="20.218405">
        <ele>202.167344</ele>
        <time>2026-09-01T00:51:41.950Z</time>
      </trkpt>
      <trkpt lat="50.031915" lon="20.218216">
        <ele>202.302436</ele>
        <time>2026-09-01T00:51:59.620Z</time>
      </trkpt>
      <trkpt lat="50.031876" lon="20.218192">
        <ele>202.302154</ele>
        <time>2026-09-01T00:52:01.968Z</time>
      </trkpt>
      <trkpt lat="50.031873" lon="20.218242">
        <ele>202.301937</ele>
        <time>2026-09-01T00:52:03.702Z</time>
      </trkpt>
      <trkpt lat="50.031871" lon="20.218263">
        <ele>202.301845</ele>
        <time>2026-09-01T00:52:04.438Z</time>
      </trkpt>
      <trkpt lat="50.031869" lon="20.218289">
        <ele>202.301732</ele>
        <time>2026-09-01T00:52:05.345Z</time>
      </trkpt>
      <trkpt lat="50.031868" lon="20.218305">
        <ele>202.301663</ele>
        <time>2026-09-01T00:52:05.867Z</time>
      </trkpt>
      <trkpt lat="50.031864" lon="20.218356">
        <ele>202.301441</ele>
        <time>2026-09-01T00:52:07.635Z</time>
      </trkpt>
      <trkpt lat="50.031672" lon="20.218478">
        <ele>202.300048</ele>
        <time>2026-09-01T00:52:18.770Z</time>
      </trkpt>
      <trkpt lat="50.031610" lon="20.218576">
        <ele>202.299454</ele>
        <time>2026-09-01T00:52:23.522Z</time>
      </trkpt>
      <trkpt lat="50.031578" lon="20.218546">
        <ele>202.299203</ele>
        <time>2026-09-01T00:52:25.506Z</time>
      </trkpt>
      <trkpt lat="50.031571" lon="20.218538">
        <ele>202.299145</ele>
        <time>2026-09-01T00:52:25.968Z</time>
      </trkpt>
      <trkpt lat="50.031556" lon="20.218521">
        <ele>202.299020</ele>
        <time>2026-09-01T00:52:26.974Z</time>
      </trkpt>
      <trkpt lat="50.031549" lon="20.218513">
        <ele>202.298962</ele>
        <time>2026-09-01T00:52:27.447Z</time>
      </trkpt>
      <trkpt lat="50.031518" lon="20.218482">
        <ele>202.298714</ele>
        <time>2026-09-01T00:52:29.416Z</time>
      </trkpt>
      <trkpt lat="50.031254" lon="20.219094">
        <ele>202.295532</ele>
        <time>2026-09-01T00:52:54.628Z</time>
      </trkpt>
      <trkpt lat="50.031129" lon="20.219391">
        <ele>202.294000</ele>
        <time>2026-09-01T00:53:06.743Z</time>
      </trkpt>
      <trkpt lat="50.031067" lon="20.219552">
        <ele>202.293190</ele>
        <time>2026-09-01T00:53:13.151Z</time>
      </trkpt>
      <trkpt lat="50.030980" lon="20.219779">
        <ele>202.292049</ele>
        <time>2026-09-01T00:53:22.096Z</time>
      </trkpt>
      <trkpt lat="50.030967" lon="20.219814">
        <ele>202.291874</ele>
        <time>2026-09-01T00:53:23.451Z</time>
      </trkpt>
      <trkpt lat="50.030926" lon="20.219916">
        <ele>202.271122</ele>
        <time>2026-09-01T00:53:27.477Z</time>
      </trkpt>
      <trkpt lat="50.030613" lon="20.220709">
        <ele>201.795007</ele>
        <time>2026-09-01T00:53:58.501Z</time>
      </trkpt>
      <trkpt lat="50.030471" lon="20.221062">
        <ele>201.581945</ele>
        <time>2026-09-01T00:54:12.545Z</time>
      </trkpt>
      <trkpt lat="50.030394" lon="20.221235">
        <ele>201.474279</ele>
        <time>2026-09-01T00:54:19.613Z</time>
      </trkpt>
      <trkpt lat="50.030339" lon="20.221247">
        <ele>201.430053</ele>
        <time>2026-09-01T00:54:22.497Z</time>
      </trkpt>
      <trkpt lat="50.030319" lon="20.221280">
        <ele>201.406844</ele>
        <time>2026-09-01T00:54:24.000Z</time>
      </trkpt>
      <trkpt lat="50.030293" lon="20.221333">
        <ele>201.372730</ele>
        <time>2026-09-01T00:54:26.276Z</time>
      </trkpt>
      <trkpt lat="50.030306" lon="20.221446">
        <ele>201.314005</ele>
        <time>2026-09-01T00:54:30.100Z</time>
      </trkpt>
      <trkpt lat="50.030252" lon="20.221562">
        <ele>201.240721</ele>
        <time>2026-09-01T00:54:34.908Z</time>
      </trkpt>
      <trkpt lat="50.030225" lon="20.221626">
        <ele>201.201553</ele>
        <time>2026-09-01T00:54:37.463Z</time>
      </trkpt>
      <trkpt lat="50.030171" lon="20.221756">
        <ele>201.122359</ele>
        <time>2026-09-01T00:54:42.687Z</time>
      </trkpt>
      <trkpt lat="50.030094" lon="20.221919">
        <ele>201.018856</ele>
        <time>2026-09-01T00:54:49.487Z</time>
      </trkpt>
      <trkpt lat="50.030050" lon="20.222015">
        <ele>200.958528</ele>
        <time>2026-09-01T00:54:53.437Z</time>
      </trkpt>
      <trkpt lat="50.029668" lon="20.222883">
        <ele>200.573254</ele>
        <time>2026-09-01T00:55:29.004Z</time>
      </trkpt>
      <trkpt lat="50.029550" lon="20.223164">
        <ele>200.461370</ele>
        <time>2026-09-01T00:55:40.413Z</time>
      </trkpt>
      <trkpt lat="50.029390" lon="20.223574">
        <ele>200.301490</ele>
        <time>2026-09-01T00:55:56.532Z</time>
      </trkpt>
      <trkpt lat="50.029143" lon="20.224194">
        <ele>200.058349</ele>
        <time>2026-09-01T00:56:21.130Z</time>
      </trkpt>
      <trkpt lat="50.028703" lon="20.225236">
        <ele>200.335157</ele>
        <time>2026-09-01T00:57:03.982Z</time>
      </trkpt>
      <trkpt lat="50.028657" lon="20.225225">
        <ele>200.370024</ele>
        <time>2026-09-01T00:57:06.517Z</time>
      </trkpt>
      <trkpt lat="50.028644" lon="20.225253">
        <ele>200.386651</ele>
        <time>2026-09-01T00:57:07.707Z</time>
      </trkpt>
      <trkpt lat="50.028621" lon="20.225304">
        <ele>200.416642</ele>
        <time>2026-09-01T00:57:09.867Z</time>
      </trkpt>
      <trkpt lat="50.028640" lon="20.225384">
        <ele>200.457692</ele>
        <time>2026-09-01T00:57:12.791Z</time>
      </trkpt>
      <trkpt lat="50.028343" lon="20.226085">
        <ele>200.861843</ele>
        <time>2026-09-01T00:57:42.321Z</time>
      </trkpt>
      <trkpt lat="50.028156" lon="20.226455">
        <ele>201.088426</ele>
        <time>2026-09-01T00:57:59.304Z</time>
      </trkpt>
      <trkpt lat="50.027980" lon="20.226804">
        <ele>201.335506</ele>
        <time>2026-09-01T00:58:15.598Z</time>
      </trkpt>
      <trkpt lat="50.027301" lon="20.227957">
        <ele>202.978058</ele>
        <time>2026-09-01T00:59:13.797Z</time>
      </trkpt>
      <trkpt lat="50.027268" lon="20.228004">
        <ele>203.051175</ele>
        <time>2026-09-01T00:59:16.343Z</time>
      </trkpt>
      <trkpt lat="50.027218" lon="20.227965">
        <ele>203.142594</ele>
        <time>2026-09-01T00:59:19.573Z</time>
      </trkpt>
      <trkpt lat="50.027191" lon="20.228002">
        <ele>203.201396</ele>
        <time>2026-09-01T00:59:21.635Z</time>
      </trkpt>
      <trkpt lat="50.027129" lon="20.228103">
        <ele>203.348097</ele>
        <time>2026-09-01T00:59:26.820Z</time>
      </trkpt>
      <trkpt lat="50.026722" lon="20.228739">
        <ele>204.213428</ele>
        <time>2026-09-01T00:59:59.147Z</time>
      </trkpt>
      <trkpt lat="50.026287" lon="20.229336">
        <ele>204.209469</ele>
        <time>2026-09-01T01:00:30.356Z</time>
      </trkpt>
      <trkpt lat="50.023560" lon="20.232813">
        <ele>204.057227</ele>
        <time>2026-09-01T01:03:36.538Z</time>
      </trkpt>
      <trkpt lat="50.023426" lon="20.232998">
        <ele>204.238683</ele>
        <time>2026-09-01T01:03:46.647Z</time>
      </trkpt>
      <trkpt lat="50.023377" lon="20.233026">
        <ele>204.291562</ele>
        <time>2026-09-01T01:03:49.597Z</time>
      </trkpt>
      <trkpt lat="50.023346" lon="20.233036">
        <ele>204.323634</ele>
        <time>2026-09-01T01:03:51.425Z</time>
      </trkpt>
      <trkpt lat="50.022688" lon="20.233890">
        <ele>205.191563</ele>
        <time>2026-09-01T01:04:40.677Z</time>
      </trkpt>
      <trkpt lat="50.022661" lon="20.233917">
        <ele>205.224074</ele>
        <time>2026-09-01T01:04:42.548Z</time>
      </trkpt>
      <trkpt lat="50.022713" lon="20.234097">
        <ele>205.344221</ele>
        <time>2026-09-01T01:04:49.907Z</time>
      </trkpt>
      <trkpt lat="50.023360" lon="20.236075">
        <ele>206.449143</ele>
        <time>2026-09-01T01:06:09.128Z</time>
      </trkpt>
      <trkpt lat="50.024271" lon="20.238856">
        <ele>205.462075</ele>
        <time>2026-09-01T01:07:54.379Z</time>
      </trkpt>
      <trkpt lat="50.025868" lon="20.243767">
        <ele>200.413418</ele>
        <time>2026-09-01T01:10:56.298Z</time>
      </trkpt>
      <trkpt lat="50.026866" lon="20.246795">
        <ele>197.869168</ele>
        <time>2026-09-01T01:12:49.770Z</time>
      </trkpt>
      <trkpt lat="50.027141" lon="20.247635">
        <ele>197.254108</ele>
        <time>2026-09-01T01:13:21.490Z</time>
      </trkpt>
      <trkpt lat="50.027231" lon="20.247815">
        <ele>197.105303</ele>
        <time>2026-09-01T01:13:29.085Z</time>
      </trkpt>
      <trkpt lat="50.027210" lon="20.248061">
        <ele>196.943406</ele>
        <time>2026-09-01T01:13:37.376Z</time>
      </trkpt>
      <trkpt lat="50.027262" lon="20.248672">
        <ele>196.541316</ele>
        <time>2026-09-01T01:13:57.901Z</time>
      </trkpt>
      <trkpt lat="50.027199" lon="20.248870">
        <ele>196.397169</ele>
        <time>2026-09-01T01:14:05.272Z</time>
      </trkpt>
      <trkpt lat="50.027190" lon="20.248987">
        <ele>196.320294</ele>
        <time>2026-09-01T01:14:09.207Z</time>
      </trkpt>
      <trkpt lat="50.027239" lon="20.249334">
        <ele>196.154357</ele>
        <time>2026-09-01T01:14:21.119Z</time>
      </trkpt>
      <trkpt lat="50.027252" lon="20.249416">
        <ele>196.122968</ele>
        <time>2026-09-01T01:14:23.914Z</time>
      </trkpt>
      <trkpt lat="50.027337" lon="20.249880">
        <ele>195.943652</ele>
        <time>2026-09-01T01:14:40.155Z</time>
      </trkpt>
      <trkpt lat="50.027462" lon="20.250212">
        <ele>195.800638</ele>
        <time>2026-09-01T01:14:53.067Z</time>
      </trkpt>
      <trkpt lat="50.027620" lon="20.250495">
        <ele>195.661296</ele>
        <time>2026-09-01T01:15:05.634Z</time>
      </trkpt>
      <trkpt lat="50.027847" lon="20.251242">
        <ele>195.354188</ele>
        <time>2026-09-01T01:15:33.700Z</time>
      </trkpt>
      <trkpt lat="50.028176" lon="20.252139">
        <ele>195.124910</ele>
        <time>2026-09-01T01:16:09.391Z</time>
      </trkpt>
      <trkpt lat="50.028442" lon="20.253013">
        <ele>195.006352</ele>
        <time>2026-09-01T01:16:42.664Z</time>
      </trkpt>
      <trkpt lat="50.028837" lon="20.254033">
        <ele>194.860351</ele>
        <time>2026-09-01T01:17:23.047Z</time>
      </trkpt>
      <trkpt lat="50.029221" lon="20.255342">
        <ele>194.244964</ele>
        <time>2026-09-01T01:18:11.268Z</time>
      </trkpt>
      <trkpt lat="50.029348" lon="20.256103">
        <ele>193.905175</ele>
        <time>2026-09-01T01:18:37.723Z</time>
      </trkpt>
      <trkpt lat="50.029554" lon="20.256926">
        <ele>193.617792</ele>
        <time>2026-09-01T01:19:07.721Z</time>
      </trkpt>
      <trkpt lat="50.029591" lon="20.257177">
        <ele>193.590950</ele>
        <time>2026-09-01T01:19:16.522Z</time>
      </trkpt>
      <trkpt lat="50.029804" lon="20.257950">
        <ele>193.503281</ele>
        <time>2026-09-01T01:19:45.373Z</time>
      </trkpt>
      <trkpt lat="50.030276" lon="20.259232">
        <ele>193.347569</ele>
        <time>2026-09-01T01:20:35.889Z</time>
      </trkpt>
      <trkpt lat="50.030935" lon="20.261266">
        <ele>193.049652</ele>
        <time>2026-09-01T01:21:53.411Z</time>
      </trkpt>
      <trkpt lat="50.031170" lon="20.261915">
        <ele>193.010242</ele>
        <time>2026-09-01T01:22:18.968Z</time>
      </trkpt>
      <trkpt lat="50.031207" lon="20.262194">
        <ele>193.030560</ele>
        <time>2026-09-01T01:22:28.823Z</time>
      </trkpt>
      <trkpt lat="50.031378" lon="20.262638">
        <ele>193.067482</ele>
        <time>2026-09-01T01:22:46.726Z</time>
      </trkpt>
      <trkpt lat="50.031436" lon="20.262695">
        <ele>193.075098</ele>
        <time>2026-09-01T01:22:50.481Z</time>
      </trkpt>
      <trkpt lat="50.031511" lon="20.262868">
        <ele>193.089983</ele>
        <time>2026-09-01T01:22:57.690Z</time>
      </trkpt>
      <trkpt lat="50.031693" lon="20.263360">
        <ele>193.130476</ele>
        <time>2026-09-01T01:23:17.318Z</time>
      </trkpt>
      <trkpt lat="50.031793" lon="20.263814">
        <ele>193.164706</ele>
        <time>2026-09-01T01:23:33.784Z</time>
      </trkpt>
      <trkpt lat="50.031964" lon="20.264260">
        <ele>193.182364</ele>
        <time>2026-09-01T01:23:51.594Z</time>
      </trkpt>
      <trkpt lat="50.032030" lon="20.264606">
        <ele>193.167477</ele>
        <time>2026-09-01T01:24:03.961Z</time>
      </trkpt>
      <trkpt lat="50.032298" lon="20.265228">
        <ele>193.136583</ele>
        <time>2026-09-01T01:24:29.585Z</time>
      </trkpt>
      <trkpt lat="50.032576" lon="20.266364">
        <ele>193.086440</ele>
        <time>2026-09-01T01:25:11.155Z</time>
      </trkpt>
      <trkpt lat="50.032650" lon="20.266559">
        <ele>193.077098</ele>
        <time>2026-09-01T01:25:18.919Z</time>
      </trkpt>
      <trkpt lat="50.032736" lon="20.267044">
        <ele>193.048226</ele>
        <time>2026-09-01T01:25:36.119Z</time>
      </trkpt>
      <trkpt lat="50.033081" lon="20.267767">
        <ele>192.993964</ele>
        <time>2026-09-01T01:26:07.016Z</time>
      </trkpt>
      <trkpt lat="50.033423" lon="20.268151">
        <ele>192.954416</ele>
        <time>2026-09-01T01:26:29.482Z</time>
      </trkpt>
      <trkpt lat="50.033473" lon="20.268207">
        <ele>192.948639</ele>
        <time>2026-09-01T01:26:32.761Z</time>
      </trkpt>
      <trkpt lat="50.033683" lon="20.268408">
        <ele>192.925518</ele>
        <time>2026-09-01T01:26:45.894Z</time>
      </trkpt>
      <trkpt lat="50.033919" lon="20.268692">
        <ele>192.886400</ele>
        <time>2026-09-01T01:27:01.699Z</time>
      </trkpt>
      <trkpt lat="50.034127" lon="20.269170">
        <ele>192.801503</ele>
        <time>2026-09-01T01:27:21.364Z</time>
      </trkpt>
      <trkpt lat="50.034218" lon="20.269473">
        <ele>192.752319</ele>
        <time>2026-09-01T01:27:32.773Z</time>
      </trkpt>
      <trkpt lat="50.034361" lon="20.270224">
        <ele>192.637140</ele>
        <time>2026-09-01T01:27:59.442Z</time>
      </trkpt>
      <trkpt lat="50.034527" lon="20.270737">
        <ele>192.552676</ele>
        <time>2026-09-01T01:28:19.011Z</time>
      </trkpt>
      <trkpt lat="50.034537" lon="20.271078">
        <ele>192.502482</ele>
        <time>2026-09-01T01:28:30.677Z</time>
      </trkpt>
      <trkpt lat="50.034746" lon="20.271676">
        <ele>192.435185</ele>
        <time>2026-09-01T01:28:53.919Z</time>
      </trkpt>
      <trkpt lat="50.035011" lon="20.272542">
        <ele>192.344903</ele>
        <time>2026-09-01T01:29:26.761Z</time>
      </trkpt>
      <trkpt lat="50.035068" lon="20.272736">
        <ele>192.324825</ele>
        <time>2026-09-01T01:29:34.071Z</time>
      </trkpt>
      <trkpt lat="50.035368" lon="20.273533">
        <ele>192.237884</ele>
        <time>2026-09-01T01:30:05.598Z</time>
      </trkpt>
      <trkpt lat="50.035650" lon="20.273437">
        <ele>192.165105</ele>
        <time>2026-09-01T01:30:20.868Z</time>
      </trkpt>
      <trkpt lat="50.035876" lon="20.274020">
        <ele>192.044215</ele>
        <time>2026-09-01T01:30:44.000Z</time>
      </trkpt>
      <trkpt lat="50.036088" lon="20.274693">
        <ele>191.911142</ele>
        <time>2026-09-01T01:31:09.440Z</time>
      </trkpt>
      <trkpt lat="50.036214" lon="20.275236">
        <ele>191.808645</ele>
        <time>2026-09-01T01:31:29.135Z</time>
      </trkpt>
      <trkpt lat="50.036313" lon="20.275882">
        <ele>191.760432</ele>
        <time>2026-09-01T01:31:51.810Z</time>
      </trkpt>
      <trkpt lat="50.036330" lon="20.276168">
        <ele>191.793848</ele>
        <time>2026-09-01T01:32:01.630Z</time>
      </trkpt>
      <trkpt lat="50.036314" lon="20.276888">
        <ele>191.877664</ele>
        <time>2026-09-01T01:32:26.379Z</time>
      </trkpt>
      <trkpt lat="50.036281" lon="20.277343">
        <ele>191.930936</ele>
        <time>2026-09-01T01:32:42.219Z</time>
      </trkpt>
      <trkpt lat="50.036202" lon="20.277902">
        <ele>191.997527</ele>
        <time>2026-09-01T01:33:02.093Z</time>
      </trkpt>
      <trkpt lat="50.036046" lon="20.278716">
        <ele>192.154399</ele>
        <time>2026-09-01T01:33:31.762Z</time>
      </trkpt>
      <trkpt lat="50.035542" lon="20.281318">
        <ele>192.857831</ele>
        <time>2026-09-01T01:35:06.778Z</time>
      </trkpt>
      <trkpt lat="50.035225" lon="20.283190">
        <ele>192.634060</ele>
        <time>2026-09-01T01:36:12.789Z</time>
      </trkpt>
      <trkpt lat="50.034941" lon="20.284290">
        <ele>192.369512</ele>
        <time>2026-09-01T01:36:52.867Z</time>
      </trkpt>
      <trkpt lat="50.034864" lon="20.284755">
        <ele>192.205229</ele>
        <time>2026-09-01T01:37:09.067Z</time>
      </trkpt>
      <trkpt lat="50.034603" lon="20.287973">
        <ele>191.682268</ele>
        <time>2026-09-01T01:38:58.863Z</time>
      </trkpt>
      <trkpt lat="50.034606" lon="20.288476">
        <ele>191.708720</ele>
        <time>2026-09-01T01:39:16.434Z</time>
      </trkpt>
      <trkpt lat="50.034648" lon="20.288995">
        <ele>191.736228</ele>
        <time>2026-09-01T01:39:34.847Z</time>
      </trkpt>
      <trkpt lat="50.034828" lon="20.289969">
        <ele>192.116035</ele>
        <time>2026-09-01T01:40:10.925Z</time>
      </trkpt>
      <trkpt lat="50.035200" lon="20.291673">
        <ele>193.020214</ele>
        <time>2026-09-01T01:41:14.505Z</time>
      </trkpt>
      <trkpt lat="50.035609" lon="20.295420">
        <ele>194.293569</ele>
        <time>2026-09-01T01:43:27.451Z</time>
      </trkpt>
      <trkpt lat="50.035913" lon="20.298262">
        <ele>194.572777</ele>
        <time>2026-09-01T01:45:07.230Z</time>
      </trkpt>
      <trkpt lat="50.035931" lon="20.298832">
        <ele>194.455868</ele>
        <time>2026-09-01T01:45:26.653Z</time>
      </trkpt>
      <trkpt lat="50.035903" lon="20.301004">
        <ele>194.152708</ele>
        <time>2026-09-01T01:46:39.880Z</time>
      </trkpt>
      <trkpt lat="50.035905" lon="20.301504">
        <ele>194.144920</ele>
        <time>2026-09-01T01:46:56.827Z</time>
      </trkpt>
      <trkpt lat="50.035937" lon="20.301860">
        <ele>194.139322</ele>
        <time>2026-09-01T01:47:09.108Z</time>
      </trkpt>
      <trkpt lat="50.036015" lon="20.302197">
        <ele>194.133742</ele>
        <time>2026-09-01T01:47:21.437Z</time>
      </trkpt>
      <trkpt lat="50.036867" lon="20.304522">
        <ele>195.056605</ele>
        <time>2026-09-01T01:48:55.945Z</time>
      </trkpt>
      <trkpt lat="50.037533" lon="20.306366">
        <ele>196.317962</ele>
        <time>2026-09-01T01:50:10.815Z</time>
      </trkpt>
      <trkpt lat="50.037570" lon="20.306460">
        <ele>196.391763</ele>
        <time>2026-09-01T01:50:14.715Z</time>
      </trkpt>
      <trkpt lat="50.037806" lon="20.307211">
        <ele>196.951437</ele>
        <time>2026-09-01T01:50:44.747Z</time>
      </trkpt>
      <trkpt lat="50.038088" lon="20.308325">
        <ele>197.593896</ele>
        <time>2026-09-01T01:51:27.792Z</time>
      </trkpt>
      <trkpt lat="50.038240" lon="20.309043">
        <ele>197.860521</ele>
        <time>2026-09-01T01:51:54.483Z</time>
      </trkpt>
      <trkpt lat="50.038352" lon="20.309781">
        <ele>198.127966</ele>
        <time>2026-09-01T01:52:20.780Z</time>
      </trkpt>
      <trkpt lat="50.038816" lon="20.313532">
        <ele>198.716834</ele>
        <time>2026-09-01T01:54:32.021Z</time>
      </trkpt>
      <trkpt lat="50.038984" lon="20.315882">
        <ele>199.887669</ele>
        <time>2026-09-01T01:55:55.204Z</time>
      </trkpt>
      <trkpt lat="50.038997" lon="20.316389">
        <ele>200.445985</ele>
        <time>2026-09-01T01:56:13.603Z</time>
      </trkpt>
      <trkpt lat="50.039033" lon="20.316484">
        <ele>200.610877</ele>
        <time>2026-09-01T01:56:17.605Z</time>
      </trkpt>
      <trkpt lat="50.038922" lon="20.316554">
        <ele>200.889621</ele>
        <time>2026-09-01T01:56:24.428Z</time>
      </trkpt>
      <trkpt lat="50.038801" lon="20.316599">
        <ele>201.179175</ele>
        <time>2026-09-01T01:56:31.629Z</time>
      </trkpt>
      <trkpt lat="50.037331" lon="20.316854">
        <ele>204.685414</ele>
        <time>2026-09-01T01:57:59.571Z</time>
      </trkpt>
      <trkpt lat="50.035473" lon="20.317252">
        <ele>209.164966</ele>
        <time>2026-09-01T01:59:51.200Z</time>
      </trkpt>
      <trkpt lat="50.031755" lon="20.318037">
        <ele>210.935938</ele>
        <time>2026-09-01T02:03:13.279Z</time>
      </trkpt>
      <trkpt lat="50.028221" lon="20.318786">
        <ele>211.739938</ele>
        <time>2026-09-01T02:06:26.056Z</time>
      </trkpt>
      <trkpt lat="50.027396" lon="20.318980">
        <ele>211.416548</ele>
        <time>2026-09-01T02:07:09.792Z</time>
      </trkpt>
      <trkpt lat="50.025023" lon="20.319469">
        <ele>210.221814</ele>
        <time>2026-09-01T02:09:15.843Z</time>
      </trkpt>
      <trkpt lat="50.025070" lon="20.320163">
        <ele>210.013861</ele>
        <time>2026-09-01T02:09:39.531Z</time>
      </trkpt>
      <trkpt lat="50.025759" lon="20.330235">
        <ele>206.896390</ele>
        <time>2026-09-01T02:15:22.900Z</time>
      </trkpt>
      <trkpt lat="50.026135" lon="20.335637">
        <ele>204.209139</ele>
        <time>2026-09-01T02:18:25.633Z</time>
      </trkpt>
      <trkpt lat="50.026509" lon="20.341027">
        <ele>201.973728</ele>
        <time>2026-09-01T02:21:28.051Z</time>
      </trkpt>
      <trkpt lat="50.023240" lon="20.341551">
        <ele>203.003080</ele>
        <time>2026-09-01T02:24:26.717Z</time>
      </trkpt>
      <trkpt lat="50.019516" lon="20.342203">
        <ele>203.682628</ele>
        <time>2026-09-01T02:27:48.611Z</time>
      </trkpt>
      <trkpt lat="50.019744" lon="20.345137">
        <ele>202.842308</ele>
        <time>2026-09-01T02:29:28.212Z</time>
      </trkpt>
      <trkpt lat="50.020200" lon="20.352093">
        <ele>201.158265</ele>
        <time>2026-09-01T02:33:25.938Z</time>
      </trkpt>
      <trkpt lat="50.020562" lon="20.357612">
        <ele>200.494737</ele>
        <time>2026-09-01T02:36:35.186Z</time>
      </trkpt>
      <trkpt lat="50.020565" lon="20.357749">
        <ele>200.496443</ele>
        <time>2026-09-01T02:36:39.904Z</time>
      </trkpt>
      <trkpt lat="50.020598" lon="20.358366">
        <ele>200.504148</ele>
        <time>2026-09-01T02:37:01.219Z</time>
      </trkpt>
      <trkpt lat="50.020239" lon="20.358421">
        <ele>200.511134</ele>
        <time>2026-09-01T02:37:20.594Z</time>
      </trkpt>
      <trkpt lat="50.016186" lon="20.359102">
        <ele>200.708963</ele>
        <time>2026-09-01T02:40:58.646Z</time>
      </trkpt>
      <trkpt lat="50.011393" lon="20.359908">
        <ele>201.110172</ele>
        <time>2026-09-01T02:45:16.766Z</time>
      </trkpt>
      <trkpt lat="50.010895" lon="20.359955">
        <ele>201.156113</ele>
        <time>2026-09-01T02:45:43.560Z</time>
      </trkpt>
      <trkpt lat="50.010131" lon="20.352436">
        <ele>201.482816</ele>
        <time>2026-09-01T02:50:04.716Z</time>
      </trkpt>
      <trkpt lat="50.010088" lon="20.352230">
        <ele>201.518204</ele>
        <time>2026-09-01T02:50:12.272Z</time>
      </trkpt>
      <trkpt lat="50.010020" lon="20.352077">
        <ele>201.548598</ele>
        <time>2026-09-01T02:50:18.796Z</time>
      </trkpt>
      <trkpt lat="50.009868" lon="20.351905">
        <ele>201.596380</ele>
        <time>2026-09-01T02:50:29.081Z</time>
      </trkpt>
      <trkpt lat="50.009427" lon="20.351766">
        <ele>201.779532</ele>
        <time>2026-09-01T02:50:53.705Z</time>
      </trkpt>
      <trkpt lat="50.005940" lon="20.351011">
        <ele>203.900767</ele>
        <time>2026-09-01T02:54:05.656Z</time>
      </trkpt>
      <trkpt lat="50.004901" lon="20.350786">
        <ele>204.916664</ele>
        <time>2026-09-01T02:55:03.389Z</time>
      </trkpt>
      <trkpt lat="50.002326" lon="20.350150">
        <ele>207.705693</ele>
        <time>2026-09-01T02:57:29.705Z</time>
      </trkpt>
      <trkpt lat="50.001943" lon="20.350138">
        <ele>207.724342</ele>
        <time>2026-09-01T02:57:50.413Z</time>
      </trkpt>
      <trkpt lat="50.001773" lon="20.350212">
        <ele>207.732935</ele>
        <time>2026-09-01T02:57:59.780Z</time>
      </trkpt>
      <trkpt lat="50.001530" lon="20.350378">
        <ele>207.745855</ele>
        <time>2026-09-01T02:58:13.879Z</time>
      </trkpt>
      <trkpt lat="50.000901" lon="20.350931">
        <ele>207.781027</ele>
        <time>2026-09-01T02:58:51.993Z</time>
      </trkpt>
      <trkpt lat="50.000861" lon="20.350966">
        <ele>207.783261</ele>
        <time>2026-09-01T02:58:54.416Z</time>
      </trkpt>
      <trkpt lat="50.000697" lon="20.351097">
        <ele>207.718054</ele>
        <time>2026-09-01T02:59:04.075Z</time>
      </trkpt>
      <trkpt lat="50.000384" lon="20.351295">
        <ele>207.588619</ele>
        <time>2026-09-01T02:59:21.875Z</time>
      </trkpt>
      <trkpt lat="49.999852" lon="20.351560">
        <ele>207.374632</ele>
        <time>2026-09-01T02:59:51.468Z</time>
      </trkpt>
      <trkpt lat="49.998732" lon="20.352115">
        <ele>206.833918</ele>
        <time>2026-09-01T03:00:53.778Z</time>
      </trkpt>
      <trkpt lat="49.997749" lon="20.352451">
        <ele>206.243898</ele>
        <time>2026-09-01T03:01:46.678Z</time>
      </trkpt>
      <trkpt lat="49.996932" lon="20.352543">
        <ele>205.269117</ele>
        <time>2026-09-01T03:02:29.498Z</time>
      </trkpt>
      <trkpt lat="49.996298" lon="20.352835">
        <ele>204.188747</ele>
        <time>2026-09-01T03:03:03.417Z</time>
      </trkpt>
      <trkpt lat="49.995533" lon="20.353188">
        <ele>202.920479</ele>
        <time>2026-09-01T03:03:43.769Z</time>
      </trkpt>
      <trkpt lat="49.994844" lon="20.353568">
        <ele>201.921985</ele>
        <time>2026-09-01T03:04:20.802Z</time>
      </trkpt>
      <trkpt lat="49.992865" lon="20.355025">
        <ele>200.063847</ele>
        <time>2026-09-01T03:06:15.995Z</time>
      </trkpt>
      <trkpt lat="49.992950" lon="20.355396">
        <ele>199.946581</ele>
        <time>2026-09-01T03:06:29.455Z</time>
      </trkpt>
      <trkpt lat="49.992953" lon="20.355705">
        <ele>199.854569</ele>
        <time>2026-09-01T03:06:40.003Z</time>
      </trkpt>
      <trkpt lat="49.992868" lon="20.355905">
        <ele>199.802633</ele>
        <time>2026-09-01T03:06:48.184Z</time>
      </trkpt>
      <trkpt lat="49.992241" lon="20.358253">
        <ele>199.560214</ele>
        <time>2026-09-01T03:08:15.024Z</time>
      </trkpt>
      <trkpt lat="49.992129" lon="20.358491">
        <ele>199.551506</ele>
        <time>2026-09-01T03:08:25.167Z</time>
      </trkpt>
      <trkpt lat="49.991658" lon="20.358617">
        <ele>199.586924</ele>
        <time>2026-09-01T03:08:50.795Z</time>
      </trkpt>
      <trkpt lat="49.991453" lon="20.358711">
        <ele>199.602763</ele>
        <time>2026-09-01T03:09:02.272Z</time>
      </trkpt>
      <trkpt lat="49.991289" lon="20.358878">
        <ele>199.617289</ele>
        <time>2026-09-01T03:09:12.786Z</time>
      </trkpt>
      <trkpt lat="49.991156" lon="20.359091">
        <ele>199.631437</ele>
        <time>2026-09-01T03:09:23.097Z</time>
      </trkpt>
      <trkpt lat="49.991029" lon="20.359419">
        <ele>199.649680</ele>
        <time>2026-09-01T03:09:36.387Z</time>
      </trkpt>
      <trkpt lat="49.990121" lon="20.362869">
        <ele>199.648884</ele>
        <time>2026-09-01T03:11:44.279Z</time>
      </trkpt>
      <trkpt lat="49.988392" lon="20.369198">
        <ele>199.168301</ele>
        <time>2026-09-01T03:15:39.286Z</time>
      </trkpt>
      <trkpt lat="49.988375" lon="20.369401">
        <ele>199.168859</ele>
        <time>2026-09-01T03:15:46.346Z</time>
      </trkpt>
      <trkpt lat="49.988423" lon="20.369913">
        <ele>199.170267</ele>
        <time>2026-09-01T03:16:04.218Z</time>
      </trkpt>
      <trkpt lat="49.988404" lon="20.370222">
        <ele>199.171112</ele>
        <time>2026-09-01T03:16:15.004Z</time>
      </trkpt>
      <trkpt lat="49.988306" lon="20.370523">
        <ele>199.200750</ele>
        <time>2026-09-01T03:16:26.704Z</time>
      </trkpt>
      <trkpt lat="49.988169" lon="20.370747">
        <ele>199.250179</ele>
        <time>2026-09-01T03:16:37.432Z</time>
      </trkpt>
      <trkpt lat="49.987846" lon="20.370959">
        <ele>199.337357</ele>
        <time>2026-09-01T03:16:56.416Z</time>
      </trkpt>
      <trkpt lat="49.987738" lon="20.370657">
        <ele>199.392607</ele>
        <time>2026-09-01T03:17:08.413Z</time>
      </trkpt>
      <trkpt lat="49.987583" lon="20.370436">
        <ele>199.444896</ele>
        <time>2026-09-01T03:17:19.793Z</time>
      </trkpt>
      <trkpt lat="49.987496" lon="20.370324">
        <ele>199.472979</ele>
        <time>2026-09-01T03:17:25.886Z</time>
      </trkpt>
      <trkpt lat="49.987459" lon="20.370467">
        <ele>199.497624</ele>
        <time>2026-09-01T03:17:31.255Z</time>
      </trkpt>
      <trkpt lat="49.987026" lon="20.372177">
        <ele>199.553442</ele>
        <time>2026-09-01T03:18:34.553Z</time>
      </trkpt>
      <trkpt lat="49.986902" lon="20.372669">
        <ele>199.521461</ele>
        <time>2026-09-01T03:18:52.654Z</time>
      </trkpt>
      <trkpt lat="49.986689" lon="20.373399">
        <ele>199.472947</ele>
        <time>2026-09-01T03:19:20.054Z</time>
      </trkpt>
      <trkpt lat="49.986616" lon="20.373558">
        <ele>199.461123</ele>
        <time>2026-09-01T03:19:26.704Z</time>
      </trkpt>
      <trkpt lat="49.985402" lon="20.375663">
        <ele>198.901326</ele>
        <time>2026-09-01T03:21:02.797Z</time>
      </trkpt>
      <trkpt lat="49.985300" lon="20.375965">
        <ele>198.853148</ele>
        <time>2026-09-01T03:21:14.476Z</time>
      </trkpt>
      <trkpt lat="49.985127" lon="20.377082">
        <ele>198.759975</ele>
        <time>2026-09-01T03:21:53.860Z</time>
      </trkpt>
      <trkpt lat="49.985051" lon="20.377350">
        <ele>198.736222</ele>
        <time>2026-09-01T03:22:03.914Z</time>
      </trkpt>
      <trkpt lat="49.984836" lon="20.377800">
        <ele>198.690758</ele>
        <time>2026-09-01T03:22:23.118Z</time>
      </trkpt>
      <trkpt lat="49.984622" lon="20.378424">
        <ele>198.626100</ele>
        <time>2026-09-01T03:22:47.288Z</time>
      </trkpt>
      <trkpt lat="49.983977" lon="20.380130">
        <ele>198.308151</ele>
        <time>2026-09-01T03:23:54.656Z</time>
      </trkpt>
      <trkpt lat="49.984094" lon="20.380211">
        <ele>198.276153</ele>
        <time>2026-09-01T03:24:01.465Z</time>
      </trkpt>
      <trkpt lat="49.984107" lon="20.380156">
        <ele>198.266738</ele>
        <time>2026-09-01T03:24:03.451Z</time>
      </trkpt>
      <trkpt lat="49.984060" lon="20.380114">
        <ele>198.253195</ele>
        <time>2026-09-01T03:24:06.284Z</time>
      </trkpt>
      <trkpt lat="49.984059" lon="20.380086">
        <ele>198.248689</ele>
        <time>2026-09-01T03:24:07.245Z</time>
      </trkpt>
      <trkpt lat="49.984060" lon="20.380114">
        <ele>198.244184</ele>
        <time>2026-09-01T03:24:08.214Z</time>
      </trkpt>
      <trkpt lat="49.984107" lon="20.380156">
        <ele>198.230640</ele>
        <time>2026-09-01T03:24:11.057Z</time>
      </trkpt>
      <trkpt lat="49.985032" lon="20.380774">
        <ele>198.225786</ele>
        <time>2026-09-01T03:25:04.753Z</time>
      </trkpt>
      <trkpt lat="49.985019" lon="20.380824">
        <ele>198.227187</ele>
        <time>2026-09-01T03:25:06.644Z</time>
      </trkpt>
      <trkpt lat="49.985005" lon="20.380876">
        <ele>198.228652</ele>
        <time>2026-09-01T03:25:08.587Z</time>
      </trkpt>
      <trkpt lat="49.985096" lon="20.380995">
        <ele>198.233455</ele>
        <time>2026-09-01T03:25:14.970Z</time>
      </trkpt>
      <trkpt lat="49.985107" lon="20.381134">
        <ele>198.237092</ele>
        <time>2026-09-01T03:25:19.768Z</time>
      </trkpt>
      <trkpt lat="49.985069" lon="20.381294">
        <ele>198.241523</ele>
        <time>2026-09-01T03:25:25.680Z</time>
      </trkpt>
      <trkpt lat="49.985100" lon="20.381314">
        <ele>198.242879</ele>
        <time>2026-09-01T03:25:27.442Z</time>
      </trkpt>
      <trkpt lat="49.984819" lon="20.382239">
        <ele>198.271188</ele>
        <time>2026-09-01T03:26:02.711Z</time>
      </trkpt>
      <trkpt lat="49.984791" lon="20.382434">
        <ele>198.278065</ele>
        <time>2026-09-01T03:26:09.606Z</time>
      </trkpt>
      <trkpt lat="49.984790" lon="20.382680">
        <ele>198.286533</ele>
        <time>2026-09-01T03:26:18.072Z</time>
      </trkpt>
      <trkpt lat="49.984997" lon="20.385801">
        <ele>198.211975</ele>
        <time>2026-09-01T03:28:05.843Z</time>
      </trkpt>
      <trkpt lat="49.985085" lon="20.386630">
        <ele>198.086213</ele>
        <time>2026-09-01T03:28:34.517Z</time>
      </trkpt>
      <trkpt lat="49.985497" lon="20.387545">
        <ele>197.917065</ele>
        <time>2026-09-01T03:29:12.431Z</time>
      </trkpt>
      <trkpt lat="49.985877" lon="20.388530">
        <ele>197.730340</ele>
        <time>2026-09-01T03:29:51.387Z</time>
      </trkpt>
      <trkpt lat="49.986186" lon="20.389070">
        <ele>197.612833</ele>
        <time>2026-09-01T03:30:16.012Z</time>
      </trkpt>
      <trkpt lat="49.986310" lon="20.389322">
        <ele>197.561251</ele>
        <time>2026-09-01T03:30:26.855Z</time>
      </trkpt>
      <trkpt lat="49.986469" lon="20.389491">
        <ele>197.512564</ele>
        <time>2026-09-01T03:30:37.132Z</time>
      </trkpt>
      <trkpt lat="49.986845" lon="20.389555">
        <ele>197.575668</ele>
        <time>2026-09-01T03:30:57.442Z</time>
      </trkpt>
      <trkpt lat="49.987021" lon="20.389716">
        <ele>197.641034</ele>
        <time>2026-09-01T03:31:08.481Z</time>
      </trkpt>
      <trkpt lat="49.987114" lon="20.390065">
        <ele>197.718796</ele>
        <time>2026-09-01T03:31:21.618Z</time>
      </trkpt>
      <trkpt lat="49.987125" lon="20.390500">
        <ele>197.808402</ele>
        <time>2026-09-01T03:31:36.844Z</time>
      </trkpt>
      <trkpt lat="49.987175" lon="20.391030">
        <ele>197.918662</ele>
        <time>2026-09-01T03:31:55.579Z</time>
      </trkpt>
      <trkpt lat="49.987253" lon="20.391169">
        <ele>197.956636</ele>
        <time>2026-09-01T03:32:02.039Z</time>
      </trkpt>
      <trkpt lat="49.987428" lon="20.391480">
        <ele>198.041703</ele>
        <time>2026-09-01T03:32:16.464Z</time>
      </trkpt>
      <trkpt lat="49.987426" lon="20.391820">
        <ele>198.056743</ele>
        <time>2026-09-01T03:32:28.221Z</time>
      </trkpt>
      <trkpt lat="49.987474" lon="20.392304">
        <ele>198.044291</ele>
        <time>2026-09-01T03:32:45.063Z</time>
      </trkpt>
      <trkpt lat="49.987561" lon="20.392420">
        <ele>198.039760</ele>
        <time>2026-09-01T03:32:51.170Z</time>
      </trkpt>
      <trkpt lat="49.987729" lon="20.392495">
        <ele>198.032848</ele>
        <time>2026-09-01T03:33:00.513Z</time>
      </trkpt>
      <trkpt lat="49.987729" lon="20.392915">
        <ele>198.022170</ele>
        <time>2026-09-01T03:33:14.908Z</time>
      </trkpt>
      <trkpt lat="49.987794" lon="20.393108">
        <ele>198.016630</ele>
        <time>2026-09-01T03:33:22.368Z</time>
      </trkpt>
      <trkpt lat="49.987861" lon="20.393592">
        <ele>198.004042</ele>
        <time>2026-09-01T03:33:39.238Z</time>
      </trkpt>
      <trkpt lat="49.988159" lon="20.393589">
        <ele>197.992258</ele>
        <time>2026-09-01T03:33:55.007Z</time>
      </trkpt>
      <trkpt lat="49.988404" lon="20.393728">
        <ele>197.982680</ele>
        <time>2026-09-01T03:34:08.778Z</time>
      </trkpt>
      <trkpt lat="49.988304" lon="20.394087">
        <ele>197.973485</ele>
        <time>2026-09-01T03:34:22.102Z</time>
      </trkpt>
      <trkpt lat="49.988213" lon="20.394624">
        <ele>197.960434</ele>
        <time>2026-09-01T03:34:41.133Z</time>
      </trkpt>
      <trkpt lat="49.988145" lon="20.395254">
        <ele>197.945421</ele>
        <time>2026-09-01T03:35:03.123Z</time>
      </trkpt>
      <trkpt lat="49.988014" lon="20.396136">
        <ele>197.932064</ele>
        <time>2026-09-01T03:35:34.377Z</time>
      </trkpt>
      <trkpt lat="49.988014" lon="20.397145">
        <ele>198.014686</ele>
        <time>2026-09-01T03:36:09.400Z</time>
      </trkpt>
      <trkpt lat="49.988100" lon="20.398051">
        <ele>198.089678</ele>
        <time>2026-09-01T03:36:41.094Z</time>
      </trkpt>
      <trkpt lat="49.987921" lon="20.398637">
        <ele>198.142802</ele>
        <time>2026-09-01T03:37:03.440Z</time>
      </trkpt>
      <trkpt lat="49.987646" lon="20.398458">
        <ele>197.938165</ele>
        <time>2026-09-01T03:37:19.267Z</time>
      </trkpt>
      <trkpt lat="49.987424" lon="20.398178">
        <ele>197.632065</ele>
        <time>2026-09-01T03:37:34.309Z</time>
      </trkpt>
      <trkpt lat="49.987399" lon="20.398088">
        <ele>197.564557</ele>
        <time>2026-09-01T03:37:37.607Z</time>
      </trkpt>
      <trkpt lat="49.987330" lon="20.398127">
        <ele>197.485934</ele>
        <time>2026-09-01T03:37:41.450Z</time>
      </trkpt>
      <trkpt lat="49.987133" lon="20.398141">
        <ele>197.274737</ele>
        <time>2026-09-01T03:37:51.672Z</time>
      </trkpt>
      <trkpt lat="49.986896" lon="20.398285">
        <ele>197.002242</ele>
        <time>2026-09-01T03:38:04.761Z</time>
      </trkpt>
      <trkpt lat="49.986364" lon="20.398758">
        <ele>196.345973</ele>
        <time>2026-09-01T03:38:35.901Z</time>
      </trkpt>
      <trkpt lat="49.986323" lon="20.398848">
        <ele>196.270021</ele>
        <time>2026-09-01T03:38:39.552Z</time>
      </trkpt>
      <trkpt lat="49.985748" lon="20.399439">
        <ele>196.391190</ele>
        <time>2026-09-01T03:39:22.126Z</time>
      </trkpt>
      <trkpt lat="49.985010" lon="20.400225">
        <ele>196.614520</ele>
        <time>2026-09-01T03:40:10.996Z</time>
      </trkpt>
      <trkpt lat="49.984524" lon="20.400676">
        <ele>196.949963</ele>
        <time>2026-09-01T03:40:49.354Z</time>
      </trkpt>
      <trkpt lat="49.984501" lon="20.400745">
        <ele>196.993494</ele>
        <time>2026-09-01T03:40:52.671Z</time>
      </trkpt>
      <trkpt lat="49.984367" lon="20.400793">
        <ele>197.113274</ele>
        <time>2026-09-01T03:41:00.457Z</time>
      </trkpt>
      <trkpt lat="49.984077" lon="20.401022">
        <ele>197.396584</ele>
        <time>2026-09-01T03:41:18.480Z</time>
      </trkpt>
      <trkpt lat="49.983948" lon="20.401235">
        <ele>197.560473</ele>
        <time>2026-09-01T03:41:28.759Z</time>
      </trkpt>
      <trkpt lat="49.983662" lon="20.402020">
        <ele>198.065830</ele>
        <time>2026-09-01T03:42:00.213Z</time>
      </trkpt>
      <trkpt lat="49.983514" lon="20.402556">
        <ele>198.327280</ele>
        <time>2026-09-01T03:42:20.485Z</time>
      </trkpt>
      <trkpt lat="49.983276" lon="20.403971">
        <ele>198.785137</ele>
        <time>2026-09-01T03:43:11.552Z</time>
      </trkpt>
      <trkpt lat="49.983179" lon="20.404417">
        <ele>198.932524</ele>
        <time>2026-09-01T03:43:28.062Z</time>
      </trkpt>
      <trkpt lat="49.983035" lon="20.404680">
        <ele>199.040658</ele>
        <time>2026-09-01T03:43:40.146Z</time>
      </trkpt>
      <trkpt lat="49.982813" lon="20.404814">
        <ele>199.156334</ele>
        <time>2026-09-01T03:43:53.185Z</time>
      </trkpt>
      <trkpt lat="49.981464" lon="20.405296">
        <ele>199.825426</ele>
        <time>2026-09-01T03:45:08.384Z</time>
      </trkpt>
      <trkpt lat="49.981071" lon="20.405512">
        <ele>200.008630</ele>
        <time>2026-09-01T03:45:30.924Z</time>
      </trkpt>
      <trkpt lat="49.980671" lon="20.405834">
        <ele>200.119437</ele>
        <time>2026-09-01T03:45:55.381Z</time>
      </trkpt>
      <trkpt lat="49.980310" lon="20.406039">
        <ele>200.213982</ele>
        <time>2026-09-01T03:46:16.122Z</time>
      </trkpt>
      <trkpt lat="49.979886" lon="20.406227">
        <ele>200.322448</ele>
        <time>2026-09-01T03:46:39.908Z</time>
      </trkpt>
      <trkpt lat="49.979842" lon="20.406299">
        <ele>200.338161</ele>
        <time>2026-09-01T03:46:43.342Z</time>
      </trkpt>
      <trkpt lat="49.979818" lon="20.406357">
        <ele>200.349072</ele>
        <time>2026-09-01T03:46:45.762Z</time>
      </trkpt>
      <trkpt lat="49.977345" lon="20.412344">
        <ele>200.846752</ele>
        <time>2026-09-01T03:50:49.607Z</time>
      </trkpt>
      <trkpt lat="49.977276" lon="20.412674">
        <ele>201.051163</ele>
        <time>2026-09-01T03:51:01.877Z</time>
      </trkpt>
      <trkpt lat="49.977271" lon="20.413002">
        <ele>201.244433</ele>
        <time>2026-09-01T03:51:13.492Z</time>
      </trkpt>
      <trkpt lat="49.977220" lon="20.412994">
        <ele>201.291386</ele>
        <time>2026-09-01T03:51:16.359Z</time>
      </trkpt>
      <trkpt lat="49.977170" lon="20.413097">
        <ele>201.367406</ele>
        <time>2026-09-01T03:51:20.908Z</time>
      </trkpt>
      <trkpt lat="49.976925" lon="20.413141">
        <ele>201.593318</ele>
        <time>2026-09-01T03:51:34.628Z</time>
      </trkpt>
      <trkpt lat="49.976803" lon="20.413260">
        <ele>201.725237</ele>
        <time>2026-09-01T03:51:42.762Z</time>
      </trkpt>
      <trkpt lat="49.976723" lon="20.413463">
        <ele>201.865487</ele>
        <time>2026-09-01T03:51:51.596Z</time>
      </trkpt>
      <trkpt lat="49.976715" lon="20.413564">
        <ele>202.001102</ele>
        <time>2026-09-01T03:51:55.349Z</time>
      </trkpt>
      <trkpt lat="49.976434" lon="20.413096">
        <ele>203.950655</ele>
        <time>2026-09-01T03:52:19.935Z</time>
      </trkpt>
      <trkpt lat="49.976282" lon="20.412897">
        <ele>204.891448</ele>
        <time>2026-09-01T03:52:32.216Z</time>
      </trkpt>
      <trkpt lat="49.976114" lon="20.412754">
        <ele>205.798257</ele>
        <time>2026-09-01T03:52:44.089Z</time>
      </trkpt>
      <trkpt lat="49.975669" lon="20.412598">
        <ele>207.958083</ele>
        <time>2026-09-01T03:53:14.435Z</time>
      </trkpt>
      <trkpt lat="49.975535" lon="20.412591">
        <ele>208.592891</ele>
        <time>2026-09-01T03:53:23.966Z</time>
      </trkpt>
      <trkpt lat="49.975226" lon="20.412662">
        <ele>210.071802</ele>
        <time>2026-09-01T03:53:46.863Z</time>
      </trkpt>
      <trkpt lat="49.975243" lon="20.412928">
        <ele>210.902966</ele>
        <time>2026-09-01T03:53:59.699Z</time>
      </trkpt>
      <trkpt lat="49.975212" lon="20.412943">
        <ele>211.062405</ele>
        <time>2026-09-01T03:54:02.183Z</time>
      </trkpt>
      <trkpt lat="49.975130" lon="20.412979">
        <ele>211.480844</ele>
        <time>2026-09-01T03:54:08.437Z</time>
      </trkpt>
      <trkpt lat="49.975027" lon="20.413092">
        <ele>212.099898</ele>
        <time>2026-09-01T03:54:17.560Z</time>
      </trkpt>
      <trkpt lat="49.974781" lon="20.413452">
        <ele>213.758883</ele>
        <time>2026-09-01T03:54:41.305Z</time>
      </trkpt>
      <trkpt lat="49.974680" lon="20.413775">
        <ele>214.893215</ele>
        <time>2026-09-01T03:54:56.899Z</time>
      </trkpt>
      <trkpt lat="49.974629" lon="20.413940">
        <ele>215.471402</ele>
        <time>2026-09-01T03:55:04.581Z</time>
      </trkpt>
      <trkpt lat="49.974591" lon="20.414174">
        <ele>216.233651</ele>
        <time>2026-09-01T03:55:14.612Z</time>
      </trkpt>
      <trkpt lat="49.974591" lon="20.414395">
        <ele>216.931645</ele>
        <time>2026-09-01T03:55:23.745Z</time>
      </trkpt>
      <trkpt lat="49.974712" lon="20.415426">
        <ele>219.646793</ele>
        <time>2026-09-01T03:56:03.244Z</time>
      </trkpt>
      <trkpt lat="49.974731" lon="20.415792">
        <ele>220.106365</ele>
        <time>2026-09-01T03:56:16.459Z</time>
      </trkpt>
      <trkpt lat="49.974692" lon="20.416051">
        <ele>220.439294</ele>
        <time>2026-09-01T03:56:26.010Z</time>
      </trkpt>
      <trkpt lat="49.974522" lon="20.416672">
        <ele>221.284016</ele>
        <time>2026-09-01T03:56:50.642Z</time>
      </trkpt>
      <trkpt lat="49.974437" lon="20.417140">
        <ele>221.892673</ele>
        <time>2026-09-01T03:57:08.674Z</time>
      </trkpt>
      <trkpt lat="49.974424" lon="20.417893">
        <ele>222.830517</ele>
        <time>2026-09-01T03:57:36.851Z</time>
      </trkpt>
      <trkpt lat="49.974378" lon="20.418241">
        <ele>223.247247</ele>
        <time>2026-09-01T03:57:50.084Z</time>
      </trkpt>
      <trkpt lat="49.974118" lon="20.419278">
        <ele>224.552798</ele>
        <time>2026-09-01T03:58:30.711Z</time>
      </trkpt>
      <trkpt lat="49.974091" lon="20.419687">
        <ele>225.035071</ele>
        <time>2026-09-01T03:58:45.665Z</time>
      </trkpt>
      <trkpt lat="49.974118" lon="20.420556">
        <ele>226.076432</ele>
        <time>2026-09-01T03:59:17.525Z</time>
      </trkpt>
      <trkpt lat="49.974078" lon="20.420894">
        <ele>226.935269</ele>
        <time>2026-09-01T03:59:30.167Z</time>
      </trkpt>
      <trkpt lat="49.973947" lon="20.421295">
        <ele>228.059231</ele>
        <time>2026-09-01T03:59:47.094Z</time>
      </trkpt>
      <trkpt lat="49.973712" lon="20.421691">
        <ele>229.405748</ele>
        <time>2026-09-01T04:00:08.605Z</time>
      </trkpt>
      <trkpt lat="49.973568" lon="20.421831">
        <ele>230.065655</ele>
        <time>2026-09-01T04:00:19.669Z</time>
      </trkpt>
      <trkpt lat="49.973324" lon="20.421963">
        <ele>231.069497</ele>
        <time>2026-09-01T04:00:36.877Z</time>
      </trkpt>
      <trkpt lat="49.972954" lon="20.422003">
        <ele>232.510652</ele>
        <time>2026-09-01T04:01:01.420Z</time>
      </trkpt>
      <trkpt lat="49.972893" lon="20.422010">
        <ele>232.748320</ele>
        <time>2026-09-01T04:01:05.499Z</time>
      </trkpt>
      <trkpt lat="49.972862" lon="20.422012">
        <ele>232.868879</ele>
        <time>2026-09-01T04:01:07.547Z</time>
      </trkpt>
      <trkpt lat="49.972798" lon="20.421993">
        <ele>233.085549</ele>
        <time>2026-09-01T04:01:11.834Z</time>
      </trkpt>
      <trkpt lat="49.972445" lon="20.421726">
        <ele>234.031104</ele>
        <time>2026-09-01T04:01:37.450Z</time>
      </trkpt>
      <trkpt lat="49.972331" lon="20.421731">
        <ele>234.305809</ele>
        <time>2026-09-01T04:01:44.728Z</time>
      </trkpt>
      <trkpt lat="49.972295" lon="20.421764">
        <ele>234.406472</ele>
        <time>2026-09-01T04:01:47.447Z</time>
      </trkpt>
      <trkpt lat="49.972292" lon="20.421662">
        <ele>234.564655</ele>
        <time>2026-09-01T04:01:51.616Z</time>
      </trkpt>
      <trkpt lat="49.972227" lon="20.421500">
        <ele>234.860458</ele>
        <time>2026-09-01T04:01:59.370Z</time>
      </trkpt>
      <trkpt lat="49.972045" lon="20.421242">
        <ele>235.453705</ele>
        <time>2026-09-01T04:02:14.492Z</time>
      </trkpt>
      <trkpt lat="49.971887" lon="20.421380">
        <ele>235.890222</ele>
        <time>2026-09-01T04:02:24.960Z</time>
      </trkpt>
      <trkpt lat="49.971765" lon="20.421420">
        <ele>236.190551</ele>
        <time>2026-09-01T04:02:31.852Z</time>
      </trkpt>
      <trkpt lat="49.971587" lon="20.421360">
        <ele>236.629266</ele>
        <time>2026-09-01T04:02:41.768Z</time>
      </trkpt>
      <trkpt lat="49.971017" lon="20.421040">
        <ele>236.622545</ele>
        <time>2026-09-01T04:03:13.249Z</time>
      </trkpt>
      <trkpt lat="49.970937" lon="20.420992">
        <ele>236.414472</ele>
        <time>2026-09-01T04:03:17.544Z</time>
      </trkpt>
      <trkpt lat="49.970867" lon="20.420951">
        <ele>236.232963</ele>
        <time>2026-09-01T04:03:21.249Z</time>
      </trkpt>
      <trkpt lat="49.970802" lon="20.420872">
        <ele>236.032769</ele>
        <time>2026-09-01T04:03:25.344Z</time>
      </trkpt>
      <trkpt lat="49.970610" lon="20.420520">
        <ele>235.312457</ele>
        <time>2026-09-01T04:03:39.835Z</time>
      </trkpt>
      <trkpt lat="49.970114" lon="20.421140">
        <ele>233.768166</ele>
        <time>2026-09-01T04:04:10.891Z</time>
      </trkpt>
      <trkpt lat="49.969676" lon="20.421549">
        <ele>233.260118</ele>
        <time>2026-09-01T04:04:36.938Z</time>
      </trkpt>
      <trkpt lat="49.969568" lon="20.421725">
        <ele>233.477043</ele>
        <time>2026-09-01T04:04:45.138Z</time>
      </trkpt>
      <trkpt lat="49.969479" lon="20.421961">
        <ele>233.721012</ele>
        <time>2026-09-01T04:04:54.503Z</time>
      </trkpt>
      <trkpt lat="49.969002" lon="20.421698">
        <ele>234.422724</ele>
        <time>2026-09-01T04:05:22.768Z</time>
      </trkpt>
      <trkpt lat="49.968932" lon="20.421659">
        <ele>234.525821</ele>
        <time>2026-09-01T04:05:27.166Z</time>
      </trkpt>
      <trkpt lat="49.968916" lon="20.421728">
        <ele>234.591232</ele>
        <time>2026-09-01T04:05:29.960Z</time>
      </trkpt>
      <trkpt lat="49.968911" lon="20.421746">
        <ele>234.608717</ele>
        <time>2026-09-01T04:05:30.711Z</time>
      </trkpt>
      <trkpt lat="49.968634" lon="20.421589">
        <ele>235.017500</ele>
        <time>2026-09-01T04:05:48.707Z</time>
      </trkpt>
      <trkpt lat="49.968333" lon="20.421405">
        <ele>235.465934</ele>
        <time>2026-09-01T04:06:09.034Z</time>
      </trkpt>
      <trkpt lat="49.968060" lon="20.421151">
        <ele>236.730643</ele>
        <time>2026-09-01T04:06:29.170Z</time>
      </trkpt>
      <trkpt lat="49.967955" lon="20.421011">
        <ele>237.299229</ele>
        <time>2026-09-01T04:06:37.977Z</time>
      </trkpt>
      <trkpt lat="49.967862" lon="20.420876">
        <ele>237.822233</ele>
        <time>2026-09-01T04:06:45.992Z</time>
      </trkpt>
      <trkpt lat="49.967358" lon="20.419754">
        <ele>241.440528</ele>
        <time>2026-09-01T04:07:40.714Z</time>
      </trkpt>
      <trkpt lat="49.967391" lon="20.419722">
        <ele>241.600397</ele>
        <time>2026-09-01T04:07:43.191Z</time>
      </trkpt>
      <trkpt lat="49.967199" lon="20.419230">
        <ele>243.017715</ele>
        <time>2026-09-01T04:08:06.873Z</time>
      </trkpt>
      <trkpt lat="49.966915" lon="20.418595">
        <ele>244.177630</ele>
        <time>2026-09-01T04:08:39.940Z</time>
      </trkpt>
      <trkpt lat="49.966621" lon="20.417887">
        <ele>245.441493</ele>
        <time>2026-09-01T04:09:14.007Z</time>
      </trkpt>
      <trkpt lat="49.966420" lon="20.417250">
        <ele>246.505593</ele>
        <time>2026-09-01T04:09:39.332Z</time>
      </trkpt>
      <trkpt lat="49.966325" lon="20.417087">
        <ele>246.835476</ele>
        <time>2026-09-01T04:09:46.846Z</time>
      </trkpt>
      <trkpt lat="49.966281" lon="20.417112">
        <ele>246.944703</ele>
        <time>2026-09-01T04:09:49.298Z</time>
      </trkpt>
      <trkpt lat="49.966245" lon="20.417177">
        <ele>247.073344</ele>
        <time>2026-09-01T04:09:52.133Z</time>
      </trkpt>
      <trkpt lat="49.965992" lon="20.417627">
        <ele>244.684289</ele>
        <time>2026-09-01T04:10:11.248Z</time>
      </trkpt>
      <trkpt lat="49.965624" lon="20.418305">
        <ele>241.130128</ele>
        <time>2026-09-01T04:10:37.252Z</time>
      </trkpt>
      <trkpt lat="49.965560" lon="20.418423">
        <ele>240.511745</ele>
        <time>2026-09-01T04:10:41.560Z</time>
      </trkpt>
      <trkpt lat="49.965379" lon="20.418753">
        <ele>238.774242</ele>
        <time>2026-09-01T04:10:53.646Z</time>
      </trkpt>
      <trkpt lat="49.965176" lon="20.419014">
        <ele>237.133484</ele>
        <time>2026-09-01T04:11:05.173Z</time>
      </trkpt>
      <trkpt lat="49.964977" lon="20.419153">
        <ele>235.806731</ele>
        <time>2026-09-01T04:11:14.848Z</time>
      </trkpt>
      <trkpt lat="49.964947" lon="20.419145">
        <ele>235.679546</ele>
        <time>2026-09-01T04:11:16.193Z</time>
      </trkpt>
      <trkpt lat="49.964888" lon="20.419129">
        <ele>235.429292</ele>
        <time>2026-09-01T04:11:18.900Z</time>
      </trkpt>
      <trkpt lat="49.964832" lon="20.419113">
        <ele>235.191378</ele>
        <time>2026-09-01T04:11:21.443Z</time>
      </trkpt>
      <trkpt lat="49.964776" lon="20.419141">
        <ele>234.945578</ele>
        <time>2026-09-01T04:11:24.096Z</time>
      </trkpt>
      <trkpt lat="49.964784" lon="20.419190">
        <ele>234.809697</ele>
        <time>2026-09-01T04:11:25.571Z</time>
      </trkpt>
      <trkpt lat="49.964139" lon="20.419637">
        <ele>231.858896</ele>
        <time>2026-09-01T04:11:58.917Z</time>
      </trkpt>
      <trkpt lat="49.963323" lon="20.420233">
        <ele>228.296047</ele>
        <time>2026-09-01T04:12:44.858Z</time>
      </trkpt>
      <trkpt lat="49.963215" lon="20.420319">
        <ele>228.180320</ele>
        <time>2026-09-01T04:12:51.227Z</time>
      </trkpt>
      <trkpt lat="49.963187" lon="20.420387">
        <ele>228.130787</ele>
        <time>2026-09-01T04:12:54.018Z</time>
      </trkpt>
      <trkpt lat="49.963238" lon="20.420545">
        <ele>228.022336</ele>
        <time>2026-09-01T04:13:00.035Z</time>
      </trkpt>
      <trkpt lat="49.963191" lon="20.420598">
        <ele>227.966960</ele>
        <time>2026-09-01T04:13:03.173Z</time>
      </trkpt>
      <trkpt lat="49.963164" lon="20.420537">
        <ele>227.921533</ele>
        <time>2026-09-01T04:13:05.731Z</time>
      </trkpt>
      <trkpt lat="49.963191" lon="20.420598">
        <ele>227.876107</ele>
        <time>2026-09-01T04:13:08.194Z</time>
      </trkpt>
      <trkpt lat="49.963126" lon="20.420698">
        <ele>227.788891</ele>
        <time>2026-09-01T04:13:13.083Z</time>
      </trkpt>
      <trkpt lat="49.963038" lon="20.420702">
        <ele>227.704929</ele>
        <time>2026-09-01T04:13:17.724Z</time>
      </trkpt>
      <trkpt lat="49.962998" lon="20.420701">
        <ele>227.666776</ele>
        <time>2026-09-01T04:13:19.842Z</time>
      </trkpt>
      <trkpt lat="49.961547" lon="20.422678">
        <ele>226.651346</ele>
        <time>2026-09-01T04:15:00.387Z</time>
      </trkpt>
      <trkpt lat="49.961469" lon="20.422853">
        <ele>226.652986</ele>
        <time>2026-09-01T04:15:07.570Z</time>
      </trkpt>
      <trkpt lat="49.961340" lon="20.423034">
        <ele>226.655068</ele>
        <time>2026-09-01T04:15:16.838Z</time>
      </trkpt>
      <trkpt lat="49.961198" lon="20.423173">
        <ele>226.657077</ele>
        <time>2026-09-01T04:15:25.982Z</time>
      </trkpt>
      <trkpt lat="49.961001" lon="20.423455">
        <ele>226.660285</ele>
        <time>2026-09-01T04:15:40.754Z</time>
      </trkpt>
      <trkpt lat="49.960955" lon="20.423527">
        <ele>226.661067</ele>
        <time>2026-09-01T04:15:44.456Z</time>
      </trkpt>
      <trkpt lat="49.960972" lon="20.423603">
        <ele>226.661687</ele>
        <time>2026-09-01T04:15:47.347Z</time>
      </trkpt>
      <trkpt lat="49.961174" lon="20.423903">
        <ele>227.397957</ele>
        <time>2026-09-01T04:16:03.407Z</time>
      </trkpt>
      <trkpt lat="49.961149" lon="20.423944">
        <ele>227.532815</ele>
        <time>2026-09-01T04:16:05.519Z</time>
      </trkpt>
      <trkpt lat="49.961182" lon="20.423997">
        <ele>227.708897</ele>
        <time>2026-09-01T04:16:08.341Z</time>
      </trkpt>
      <trkpt lat="49.961261" lon="20.424125">
        <ele>228.132353</ele>
        <time>2026-09-01T04:16:15.032Z</time>
      </trkpt>
      <trkpt lat="49.961344" lon="20.424260">
        <ele>228.578144</ele>
        <time>2026-09-01T04:16:22.191Z</time>
      </trkpt>
      <trkpt lat="49.961399" lon="20.424375">
        <ele>228.920233</ele>
        <time>2026-09-01T04:16:27.742Z</time>
      </trkpt>
      <trkpt lat="49.961451" lon="20.424343">
        <ele>229.127771</ele>
        <time>2026-09-01T04:16:31.098Z</time>
      </trkpt>
      <trkpt lat="49.962440" lon="20.423749">
        <ele>233.062264</ele>
        <time>2026-09-01T04:17:38.881Z</time>
      </trkpt>
      <trkpt lat="49.962520" lon="20.423969">
        <ele>233.667779</ele>
        <time>2026-09-01T04:17:49.675Z</time>
      </trkpt>
      <trkpt lat="49.962791" lon="20.424062">
        <ele>234.704656</ele>
        <time>2026-09-01T04:18:08.320Z</time>
      </trkpt>
      <trkpt lat="49.962886" lon="20.424095">
        <ele>235.068344</ele>
        <time>2026-09-01T04:18:14.936Z</time>
      </trkpt>
      <trkpt lat="49.963255" lon="20.424315">
        <ele>236.544903</ele>
        <time>2026-09-01T04:18:42.012Z</time>
      </trkpt>
      <trkpt lat="49.963381" lon="20.424401">
        <ele>237.059036</ele>
        <time>2026-09-01T04:18:51.566Z</time>
      </trkpt>
      <trkpt lat="49.963639" lon="20.424503">
        <ele>238.053648</ele>
        <time>2026-09-01T04:19:07.772Z</time>
      </trkpt>
      <trkpt lat="49.963722" lon="20.424594">
        <ele>238.433115</ele>
        <time>2026-09-01T04:19:13.689Z</time>
      </trkpt>
      <trkpt lat="49.964085" lon="20.425553">
        <ele>238.837961</ele>
        <time>2026-09-01T04:19:53.923Z</time>
      </trkpt>
      <trkpt lat="49.964109" lon="20.425511">
        <ele>238.681189</ele>
        <time>2026-09-01T04:19:55.775Z</time>
      </trkpt>
      <trkpt lat="49.964124" lon="20.425343">
        <ele>238.207870</ele>
        <time>2026-09-01T04:20:01.437Z</time>
      </trkpt>
      <trkpt lat="49.964395" lon="20.425263">
        <ele>237.011209</ele>
        <time>2026-09-01T04:20:14.957Z</time>
      </trkpt>
      <trkpt lat="49.964537" lon="20.425341">
        <ele>236.357860</ele>
        <time>2026-09-01T04:20:22.073Z</time>
      </trkpt>
      <trkpt lat="49.964880" lon="20.425903">
        <ele>234.195976</ele>
        <time>2026-09-01T04:20:44.855Z</time>
      </trkpt>
      <trkpt lat="49.965014" lon="20.425506">
        <ele>232.944865</ele>
        <time>2026-09-01T04:20:57.760Z</time>
      </trkpt>
      <trkpt lat="49.965041" lon="20.425475">
        <ele>232.799251</ele>
        <time>2026-09-01T04:20:59.275Z</time>
      </trkpt>
      <trkpt lat="49.965108" lon="20.425399">
        <ele>232.439443</ele>
        <time>2026-09-01T04:21:03.018Z</time>
      </trkpt>
      <trkpt lat="49.966124" lon="20.424386">
        <ele>226.061762</ele>
        <time>2026-09-01T04:21:58.148Z</time>
      </trkpt>
      <trkpt lat="49.966153" lon="20.424438">
        <ele>225.826311</ele>
        <time>2026-09-01T04:22:00.324Z</time>
      </trkpt>
      <trkpt lat="49.966663" lon="20.425281">
        <ele>222.688209</ele>
        <time>2026-09-01T04:22:37.391Z</time>
      </trkpt>
      <trkpt lat="49.966674" lon="20.425385">
        <ele>222.688209</ele>
        <time>2026-09-01T04:22:40.898Z</time>
      </trkpt>
      <trkpt lat="49.966861" lon="20.425838">
        <ele>222.688209</ele>
        <time>2026-09-01T04:22:59.100Z</time>
      </trkpt>
      <trkpt lat="49.966880" lon="20.425882">
        <ele>222.688209</ele>
        <time>2026-09-01T04:23:00.909Z</time>
      </trkpt>
      <trkpt lat="49.966509" lon="20.426307">
        <ele>222.688209</ele>
        <time>2026-09-01T04:23:25.634Z</time>
      </trkpt>
      <trkpt lat="49.966348" lon="20.426605">
        <ele>222.688209</ele>
        <time>2026-09-01T04:23:39.369Z</time>
      </trkpt>
    </trkseg>
  </trk>
</gpx>